Country,Code,Product,Amount
AZERBAIJAN,AZE,A1 - TEA,1
IRAN,IRN,A1 - TEA,99
KAZAKHSTAN,KAZ,A1 - TEA,14
KYRGHYZSTAN,KGZ,A1 - TEA,1
NIGER,NER,A1 - TEA,3
RUSSIA,RUS,A1 - TEA,75
TAJIKISTAN,TJK,A1 - TEA,1
ALBANIA,ALB,A2 - COFFEE,3
ARMENIA,ARM,A2 - COFFEE,1
BENIN,BEN,A2 - COFFEE,7
CROATIA,HRV,A2 - COFFEE,7
JORDAN,JOR,A2 - COFFEE,45
KIRIBATI REP,KIR,A2 - COFFEE,0
LATVIA,LVA,A2 - COFFEE,3
LIBYA,LBY,A2 - COFFEE,19
MAURITANIA,MRT,A2 - COFFEE,6
MONTENEGRO,MNE,A2 - COFFEE,3
NIGER,NER,A2 - COFFEE,1
SYRIA,SYR,A2 - COFFEE,10
TUNISIA,TUN,A2 - COFFEE,13
UKRAINE,UKR,A2 - COFFEE,15
AZERBAIJAN,AZE,A3 - RICE -BASMOTI,4
BAHARAIN IS,BHR,A3 - RICE -BASMOTI,28
BRUNEI,BRN,A3 - RICE -BASMOTI,1
C AFRI REP,CAF,A3 - RICE -BASMOTI,0
COMOROS,COM,A3 - RICE -BASMOTI,3
GUADELOUPE,GLP,A3 - RICE -BASMOTI,0
IRAN,IRN,A3 - RICE -BASMOTI,716
IRAQ,IRQ,A3 - RICE -BASMOTI,349
JORDAN,JOR,A3 - RICE -BASMOTI,51
KUWAIT,KWT,A3 - RICE -BASMOTI,114
MAURITANIA,MRT,A3 - RICE -BASMOTI,4
MAURITIUS,MUS,A3 - RICE -BASMOTI,23
OMAN,OMN,A3 - RICE -BASMOTI,67
QATAR,QAT,A3 - RICE -BASMOTI,57
REUNION,REU,A3 - RICE -BASMOTI,10
SAUDI ARAB,SAU,A3 - RICE -BASMOTI,547
SEYCHELLES,SYC,A3 - RICE -BASMOTI,4
SYRIA,SYR,A3 - RICE -BASMOTI,7
YEMEN REPUBLC,YEM,A3 - RICE -BASMOTI,149
ALGERIA,DZA,A4 - RICE(OTHER THAN BASMOTI),34
ANGOLA,AGO,A4 - RICE(OTHER THAN BASMOTI),94
BANGLADESH PR,BGD,A4 - RICE(OTHER THAN BASMOTI),610
BELARUS,BLR,A4 - RICE(OTHER THAN BASMOTI),9
BENIN,BEN,A4 - RICE(OTHER THAN BASMOTI),460
BRUNEI,BRN,A4 - RICE(OTHER THAN BASMOTI),1
BURKINA FASO,BFA,A4 - RICE(OTHER THAN BASMOTI),18
C AFRI REP,CAF,A4 - RICE(OTHER THAN BASMOTI),0
CAMEROON,CMR,A4 - RICE(OTHER THAN BASMOTI),154
CAPE VERDE IS,CPV,A4 - RICE(OTHER THAN BASMOTI),2
CONGO D. REP.,COG,A4 - RICE(OTHER THAN BASMOTI),24
CONGO P REP,COD,A4 - RICE(OTHER THAN BASMOTI),26
COTE D' IVOIRE,CIV,A4 - RICE(OTHER THAN BASMOTI),311
DJIBOUTI,DJI,A4 - RICE(OTHER THAN BASMOTI),148
EQUTL GUINEA,GNQ,A4 - RICE(OTHER THAN BASMOTI),2
ETHIOPIA,ETH,A4 - RICE(OTHER THAN BASMOTI),27
FIJI IS,FJI,A4 - RICE(OTHER THAN BASMOTI),4
GAMBIA,GMB,A4 - RICE(OTHER THAN BASMOTI),27
GHANA,GHA,A4 - RICE(OTHER THAN BASMOTI),45
GUINEA,GIN,A4 - RICE(OTHER THAN BASMOTI),225
GUINEA BISSAU,GNB,A4 - RICE(OTHER THAN BASMOTI),0
IRAN,IRN,A4 - RICE(OTHER THAN BASMOTI),29
IRAQ,IRQ,A4 - RICE(OTHER THAN BASMOTI),53
KENYA,KEN,A4 - RICE(OTHER THAN BASMOTI),52
LIBERIA,LBR,A4 - RICE(OTHER THAN BASMOTI),113
LIBYA,LBY,A4 - RICE(OTHER THAN BASMOTI),6
MADAGASCAR,MDG,A4 - RICE(OTHER THAN BASMOTI),155
MALAYSIA,MYS,A4 - RICE(OTHER THAN BASMOTI),118
MALDIVES,MDV,A4 - RICE(OTHER THAN BASMOTI),9
MALI,MLI,A4 - RICE(OTHER THAN BASMOTI),6
MONTENEGRO,MNE,A4 - RICE(OTHER THAN BASMOTI),0
MOZAMBIQUE,MOZ,A4 - RICE(OTHER THAN BASMOTI),79
NAMIBIA,NAM,A4 - RICE(OTHER THAN BASMOTI),1
NEPAL,NPL,A4 - RICE(OTHER THAN BASMOTI),421
NIGER,NER,A4 - RICE(OTHER THAN BASMOTI),37
PAPUA N GNA,PNG,A4 - RICE(OTHER THAN BASMOTI),19
PUERTO RICO,PRI,A4 - RICE(OTHER THAN BASMOTI),7
QATAR,QAT,A4 - RICE(OTHER THAN BASMOTI),37
SAO TOME,STP,A4 - RICE(OTHER THAN BASMOTI),0
SENEGAL,SEN,A4 - RICE(OTHER THAN BASMOTI),268
SIERRA LEONE,SLE,A4 - RICE(OTHER THAN BASMOTI),44
SOMALIA,SOM,A4 - RICE(OTHER THAN BASMOTI),135
SRI LANKA DSR,LKA,A4 - RICE(OTHER THAN BASMOTI),147
SYRIA,SYR,A4 - RICE(OTHER THAN BASMOTI),2
TIMOR LESTE,TLS,A4 - RICE(OTHER THAN BASMOTI),17
TOGO,TGO,A4 - RICE(OTHER THAN BASMOTI),260
TONGA,TON,A4 - RICE(OTHER THAN BASMOTI),0
VENEZUELA,VEN,A4 - RICE(OTHER THAN BASMOTI),25
VIETNAM SOC REP,VNM,A4 - RICE(OTHER THAN BASMOTI),211
YEMEN REPUBLC,YEM,A4 - RICE(OTHER THAN BASMOTI),37
BANGLADESH PR,BGD,A5 - WHEAT,1105
DJIBOUTI,DJI,A5 - WHEAT,21
PHILIPPINES,PHL,A5 - WHEAT,105
SRI LANKA DSR,LKA,A5 - WHEAT,161
YEMEN REPUBLC,YEM,A5 - WHEAT,85
BANGLADESH PR,BGD,A6 - OTHER CEREALS,394
VIETNAM SOC REP,VNM,A6 - OTHER CEREALS,290
ARMENIA,ARM,A8 - TOBACCO UNMANUFACTURED,5
BELARUS,BLR,A8 - TOBACCO UNMANUFACTURED,2
BELGIUM,BEL,A8 - TOBACCO UNMANUFACTURED,148
DOMINIC REP,DMA,A8 - TOBACCO UNMANUFACTURED,11
GEORGIA,GEO,A8 - TOBACCO UNMANUFACTURED,8
AFGHANISTAN,AFG,A9 - TOBACCO MANUFACTURED,23
ARUBA,ABW,A9 - TOBACCO MANUFACTURED,0
AZERBAIJAN,AZE,A9 - TOBACCO MANUFACTURED,2
BELIZE,BLZ,A9 - TOBACCO MANUFACTURED,6
CROATIA,HRV,A9 - TOBACCO MANUFACTURED,6
GRENADA,GRD,A9 - TOBACCO MANUFACTURED,1
LESOTHO,LSO,A9 - TOBACCO MANUFACTURED,0
PANAMA REPUBLIC,PAN,A9 - TOBACCO MANUFACTURED,4
SURINAME,SUR,A9 - TOBACCO MANUFACTURED,2
AFGHANISTAN,AFG,B1 - SPICES,23
BARBADOS,BRB,B1 - SPICES,0
CHINA P RP,CHN,B1 - SPICES,819
FIJI IS,FJI,B1 - SPICES,1
GUYANA,GUY,B1 - SPICES,1
JAMAICA,JAM,B1 - SPICES,1
KIRIBATI REP,KIR,B1 - SPICES,0
LIBYA,LBY,B1 - SPICES,6
MALAYSIA,MYS,B1 - SPICES,113
MONACO,MCO,B1 - SPICES,0
MOROCCO,MAR,B1 - SPICES,34
N. MARIANA IS.,MNP,B1 - SPICES,0
PAKISTAN IR,PAK,B1 - SPICES,6
SOLOMON IS,SLB,B1 - SPICES,0
THAILAND,THA,B1 - SPICES,116
TRINIDAD,TTO,B1 - SPICES,2
BRUNEI,BRN,B2 - CASHEW,1
INDONESIA,IDN,B6 - GROUNDNUT,292
PHILIPPINES,PHL,B6 - GROUNDNUT,54
BHUTAN,BTN,B8 - VEGETABLE OILS,22
CAMBODIA,KHM,B9 - OIL MEALS,5
KOREA RP,KOR,B9 - OIL MEALS,151
NEW CALEDONIA,NCL,B9 - OIL MEALS,0
REUNION,REU,B9 - OIL MEALS,2
NORWAY,NOR,C1 - GUERGAM MEAL,41
CHINA P RP,CHN,C2 - CASTOR OIL,466
AFGHANISTAN,AFG,C4 - SUGAR,126
BANGLADESH PR,BGD,C4 - SUGAR,561
COMOROS,COM,C4 - SUGAR,1
DJIBOUTI,DJI,C4 - SUGAR,251
GAMBIA,GMB,C4 - SUGAR,6
INDONESIA,IDN,C4 - SUGAR,770
IRAQ,IRQ,C4 - SUGAR,124
KIRIBATI REP,KIR,C4 - SUGAR,1
MALAYSIA,MYS,C4 - SUGAR,177
MONGOLIA,MNG,C4 - SUGAR,3
PAKISTAN IR,PAK,C4 - SUGAR,111
RWANDA,RWA,C4 - SUGAR,3
SAMOA,WSM,C4 - SUGAR,0
SAUDI ARAB,SAU,C4 - SUGAR,225
SENEGAL,SEN,C4 - SUGAR,19
SOLOMON IS,SLB,C4 - SUGAR,0
SOMALIA,SOM,C4 - SUGAR,257
SRI LANKA DSR,LKA,C4 - SUGAR,157
SUDAN,SDN,C4 - SUGAR,530
SYRIA,SYR,C4 - SUGAR,8
TANZANIA REP,TZA,C4 - SUGAR,47
TIMOR LESTE,TLS,C4 - SUGAR,6
TONGA,TON,C4 - SUGAR,0
TURKMENISTAN,TKM,C4 - SUGAR,12
VANUATU REP,VUT,C4 - SUGAR,0
YEMEN REPUBLC,YEM,C4 - SUGAR,68
AFGHANISTAN,AFG,C7 - FRESH FRUITS,12
IRAN,IRN,C7 - FRESH FRUITS,52
MALDIVES,MDV,C7 - FRESH FRUITS,9
UZBEKISTAN,UZB,C7 - FRESH FRUITS,5
BRUNEI,BRN,C8 - FRESH VEGETABLES,1
MALDIVES,MDV,C8 - FRESH VEGETABLES,12
MAYOTTE,MYT,C8 - FRESH VEGETABLES,0
REUNION,REU,C8 - FRESH VEGETABLES,2
SOLOMON IS,SLB,C8 - FRESH VEGETABLES,0
TIMOR LESTE,TLS,C8 - FRESH VEGETABLES,0
NORFOLK IS,NFK,C9 - PROCESSED VEGETABLES,0
FR POLYNESIA,PYF,D1 - PROCESSED FRUITS AND JUICES,0
MADAGASCAR,MDG,D1 - PROCESSED FRUITS AND JUICES,4
NORFOLK IS,NFK,D1 - PROCESSED FRUITS AND JUICES,0
SOUTH SUDAN,SSD,D1 - PROCESSED FRUITS AND JUICES,1
SURINAME,SUR,D1 - PROCESSED FRUITS AND JUICES,1
VANUATU REP,VUT,D1 - PROCESSED FRUITS AND JUICES,0
YEMEN REPUBLC,YEM,D1 - PROCESSED FRUITS AND JUICES,21
ANGOLA,AGO,D2 - CEREAL PREPARATIONS,17
BENIN,BEN,D2 - CEREAL PREPARATIONS,4
BURUNDI,BDI,D2 - CEREAL PREPARATIONS,2
CAMBODIA,KHM,D2 - CEREAL PREPARATIONS,5
CAPE VERDE IS,CPV,D2 - CEREAL PREPARATIONS,0
CHAD,TCD,D2 - CEREAL PREPARATIONS,3
COMOROS,COM,D2 - CEREAL PREPARATIONS,1
CONGO P REP,COD,D2 - CEREAL PREPARATIONS,4
EQUTL GUINEA,GNQ,D2 - CEREAL PREPARATIONS,1
KIRIBATI REP,KIR,D2 - CEREAL PREPARATIONS,0
MONGOLIA,MNG,D2 - CEREAL PREPARATIONS,1
NAMIBIA,NAM,D2 - CEREAL PREPARATIONS,2
NIGER,NER,D2 - CEREAL PREPARATIONS,3
SAMOA,WSM,D2 - CEREAL PREPARATIONS,0
SAO TOME,STP,D2 - CEREAL PREPARATIONS,0
SOLOMON IS,SLB,D2 - CEREAL PREPARATIONS,0
SOUTH SUDAN,SSD,D2 - CEREAL PREPARATIONS,2
TONGA,TON,D2 - CEREAL PREPARATIONS,0
DJIBOUTI,DJI,D4 - MILLED PRODUCTS,26
MADAGASCAR,MDG,D4 - MILLED PRODUCTS,5
SOMALIA,SOM,D4 - MILLED PRODUCTS,22
BENIN,BEN,D5 - MISC PROCESSED ITEMS,7
CHAD,TCD,D5 - MISC PROCESSED ITEMS,3
DJIBOUTI,DJI,D5 - MISC PROCESSED ITEMS,12
EQUTL GUINEA,GNQ,D5 - MISC PROCESSED ITEMS,1
ERITREA,ERI,D5 - MISC PROCESSED ITEMS,0
GUINEA BISSAU,GNB,D5 - MISC PROCESSED ITEMS,0
KIRIBATI REP,KIR,D5 - MISC PROCESSED ITEMS,0
MAURITANIA,MRT,D5 - MISC PROCESSED ITEMS,3
NIGER,NER,D5 - MISC PROCESSED ITEMS,9
SAMOA,WSM,D5 - MISC PROCESSED ITEMS,0
SOLOMON IS,SLB,D5 - MISC PROCESSED ITEMS,0
SOMALIA,SOM,D5 - MISC PROCESSED ITEMS,10
TONGA,TON,D5 - MISC PROCESSED ITEMS,0
UZBEKISTAN,UZB,D5 - MISC PROCESSED ITEMS,4
ARMENIA,ARM,D7 - BUFFALO MEAT,3
AZERBAIJAN,AZE,D7 - BUFFALO MEAT,1
BAHARAIN IS,BHR,D7 - BUFFALO MEAT,22
CAMBODIA,KHM,D7 - BUFFALO MEAT,26
COMOROS,COM,D7 - BUFFALO MEAT,4
CONGO D. REP.,COG,D7 - BUFFALO MEAT,10
CONGO P REP,COD,D7 - BUFFALO MEAT,14
EGYPT A RP,EGY,D7 - BUFFALO MEAT,690
EQUTL GUINEA,GNQ,D7 - BUFFALO MEAT,1
GABON,GAB,D7 - BUFFALO MEAT,7
GEORGIA,GEO,D7 - BUFFALO MEAT,16
HONG KONG,HKG,D7 - BUFFALO MEAT,208
INDONESIA,IDN,D7 - BUFFALO MEAT,281
IRAQ,IRQ,D7 - BUFFALO MEAT,210
JORDAN,JOR,D7 - BUFFALO MEAT,61
LEBANON,LBN,D7 - BUFFALO MEAT,21
MALAYSIA,MYS,D7 - BUFFALO MEAT,397
OMAN,OMN,D7 - BUFFALO MEAT,39
PHILIPPINES,PHL,D7 - BUFFALO MEAT,118
SAUDI ARAB,SAU,D7 - BUFFALO MEAT,144
SENEGAL,SEN,D7 - BUFFALO MEAT,28
TURKMENISTAN,TKM,D7 - BUFFALO MEAT,11
VIETNAM SOC REP,VNM,D7 - BUFFALO MEAT,439
BAHARAIN IS,BHR,E2 - DAIRY PRODUCTS,20
BHUTAN,BTN,E2 - DAIRY PRODUCTS,18
MALDIVES,MDV,E3 - POULTRY PRODUCTS,9
NORFOLK IS,NFK,E4 - FLORICLTR PRODUCTS,0
ANGOLA,AGO,E6 - ALCOHOLIC BEVERAGES,11
CAMEROON,CMR,E6 - ALCOHOLIC BEVERAGES,7
CONGO D. REP.,COG,E6 - ALCOHOLIC BEVERAGES,10
DOMINICA,DOM,E6 - ALCOHOLIC BEVERAGES,0
EQUTL GUINEA,GNQ,E6 - ALCOHOLIC BEVERAGES,0
HAITI,HTI,E6 - ALCOHOLIC BEVERAGES,14
RWANDA,RWA,E6 - ALCOHOLIC BEVERAGES,6
SOUTH SUDAN,SSD,E6 - ALCOHOLIC BEVERAGES,1
ST KITT N A,KNA,E6 - ALCOHOLIC BEVERAGES,0
ARUBA,ABW,E7 - MARINE PRODUCTS,0
BAHAMAS,BHS,E7 - MARINE PRODUCTS,0
BARBADOS,BRB,E7 - MARINE PRODUCTS,0
BELARUS,BLR,E7 - MARINE PRODUCTS,11
BELGIUM,BEL,E7 - MARINE PRODUCTS,143
BRUNEI,BRN,E7 - MARINE PRODUCTS,1
CANADA,CAN,E7 - MARINE PRODUCTS,173
CHINA P RP,CHN,E7 - MARINE PRODUCTS,1040
CYPRUS,CYP,E7 - MARINE PRODUCTS,3
DOMINIC REP,DMA,E7 - MARINE PRODUCTS,26
GREECE,GRC,E7 - MARINE PRODUCTS,48
GUADELOUPE,GLP,E7 - MARINE PRODUCTS,0
GUAM,GUM,E7 - MARINE PRODUCTS,1
HONG KONG,HKG,E7 - MARINE PRODUCTS,68
ICELAND,ISL,E7 - MARINE PRODUCTS,0
ITALY,ITA,E7 - MARINE PRODUCTS,158
JAMAICA,JAM,E7 - MARINE PRODUCTS,8
JAPAN,JPN,E7 - MARINE PRODUCTS,422
KUWAIT,KWT,E7 - MARINE PRODUCTS,44
LITHUANIA,LTU,E7 - MARINE PRODUCTS,22
MARTINIQUE,MTQ,E7 - MARINE PRODUCTS,4
MAYOTTE,MYT,E7 - MARINE PRODUCTS,0
PORTUGAL,PRT,E7 - MARINE PRODUCTS,54
PUERTO RICO,PRI,E7 - MARINE PRODUCTS,7
REUNION,REU,E7 - MARINE PRODUCTS,16
RUSSIA,RUS,E7 - MARINE PRODUCTS,121
SEYCHELLES,SYC,E7 - MARINE PRODUCTS,1
SPAIN,ESP,E7 - MARINE PRODUCTS,189
TAIWAN,TWN,E7 - MARINE PRODUCTS,67
THAILAND,THA,E7 - MARINE PRODUCTS,238
TUNISIA,TUN,E7 - MARINE PRODUCTS,20
UNITED STATES OF AMERICA,USA,E7 - MARINE PRODUCTS,3081
UKRAINE,UKR,E7 - MARINE PRODUCTS,13
VIETNAM SOC REP,VNM,E7 - MARINE PRODUCTS,285
VIRGIN IS US,VIR,E7 - MARINE PRODUCTS,0
CHINA P RP,CHN,E8 - IRON ORE,2340
INDONESIA,IDN,E8 - IRON ORE,136
KOREA RP,KOR,E8 - IRON ORE,103
OMAN,OMN,E8 - IRON ORE,95
BHUTAN,BTN,"F1 - COAL,COKE AND BRIQUITTES ETC",43
ROMANIA,ROU,"F1 - COAL,COKE AND BRIQUITTES ETC",23
MARSHALL ISLAND,MHL,F2 - BULK MINERALS AND ORES,0
SEYCHELLES,SYC,F2 - BULK MINERALS AND ORES,1
SOLOMON IS,SLB,F2 - BULK MINERALS AND ORES,0
TIMOR LESTE,TLS,F2 - BULK MINERALS AND ORES,0
ALBANIA,ALB,"F3 - GRANIT, NATRL STONE AND PRODCT",8
ALGERIA,DZA,"F3 - GRANIT, NATRL STONE AND PRODCT",18
ARMENIA,ARM,"F3 - GRANIT, NATRL STONE AND PRODCT",1
AZERBAIJAN,AZE,"F3 - GRANIT, NATRL STONE AND PRODCT",2
BOSNIA-HRZGOVIN,BIH,"F3 - GRANIT, NATRL STONE AND PRODCT",1
CROATIA,HRV,"F3 - GRANIT, NATRL STONE AND PRODCT",7
LIBYA,LBY,"F3 - GRANIT, NATRL STONE AND PRODCT",17
MALDIVES,MDV,"F3 - GRANIT, NATRL STONE AND PRODCT",12
MARTINIQUE,MTQ,"F3 - GRANIT, NATRL STONE AND PRODCT",0
MOLDOVA,MDA,"F3 - GRANIT, NATRL STONE AND PRODCT",1
MONTENEGRO,MNE,"F3 - GRANIT, NATRL STONE AND PRODCT",1
POLAND,POL,"F3 - GRANIT, NATRL STONE AND PRODCT",60
REUNION,REU,"F3 - GRANIT, NATRL STONE AND PRODCT",1
TURKS C IS,TCA,"F3 - GRANIT, NATRL STONE AND PRODCT",0
UNITED KINGDOM,GBR,"F3 - GRANIT, NATRL STONE AND PRODCT",230
VIETNAM SOC REP,VNM,"F3 - GRANIT, NATRL STONE AND PRODCT",159
OMAN,OMN,F4 - PROCESSED MINERALS,90
CAMBODIA,KHM,F8 - FINISHED LEATHER,5
LAO PD RP,LAO,F8 - FINISHED LEATHER,1
ANGUILLA,AIA,F9 - LEATHER GOODS,0
CHILE,CHL,F9 - LEATHER GOODS,23
DENMARK,DNK,F9 - LEATHER GOODS,28
KOREA DP RP,PRK,F9 - LEATHER GOODS,0
KYRGHYZSTAN,KGZ,F9 - LEATHER GOODS,0
MACAO,MAC,F9 - LEATHER GOODS,0
SAN MARINO,SMR,F9 - LEATHER GOODS,0
KYRGHYZSTAN,KGZ,G1 - LEATHER GARMENTS,0
ANGUILLA,AIA,G2 - FOOTWEAR OF LEATHER,0
FRANCE,FRA,G2 - FOOTWEAR OF LEATHER,121
GREENLAND,GRL,G2 - FOOTWEAR OF LEATHER,1
MAYOTTE,MYT,G2 - FOOTWEAR OF LEATHER,0
MONACO,MCO,G2 - FOOTWEAR OF LEATHER,1
N. MARIANA IS.,MNP,G2 - FOOTWEAR OF LEATHER,0
PAPUA N GNA,PNG,G2 - FOOTWEAR OF LEATHER,1
POLAND,POL,G2 - FOOTWEAR OF LEATHER,52
UNITED KINGDOM,GBR,G2 - FOOTWEAR OF LEATHER,236
ALBANIA,ALB,G3 - LEATHER FOOTWEAR COMPONENT,2
AUSTRIA,AUT,G3 - LEATHER FOOTWEAR COMPONENT,19
PORTUGAL,PRT,G3 - LEATHER FOOTWEAR COMPONENT,36
SLOVAK REP,SVK,G3 - LEATHER FOOTWEAR COMPONENT,15
ARMENIA,ARM,"G5 - PEARL, PRECS, SEMIPRECS STONES",9
AUSTRALIA,AUS,"G5 - PEARL, PRECS, SEMIPRECS STONES",170
BELGIUM,BEL,"G5 - PEARL, PRECS, SEMIPRECS STONES",2345
BOTSWANA,BWA,"G5 - PEARL, PRECS, SEMIPRECS STONES",209
CANADA,CAN,"G5 - PEARL, PRECS, SEMIPRECS STONES",93
GIBRALTAR,GIB,"G5 - PEARL, PRECS, SEMIPRECS STONES",0
HONG KONG,HKG,"G5 - PEARL, PRECS, SEMIPRECS STONES",6591
ISRAEL,ISR,"G5 - PEARL, PRECS, SEMIPRECS STONES",1332
JAPAN,JPN,"G5 - PEARL, PRECS, SEMIPRECS STONES",292
KOREA DP RP,PRK,"G5 - PEARL, PRECS, SEMIPRECS STONES",0
LEBANON,LBN,"G5 - PEARL, PRECS, SEMIPRECS STONES",9
MONACO,MCO,"G5 - PEARL, PRECS, SEMIPRECS STONES",2
NAMIBIA,NAM,"G5 - PEARL, PRECS, SEMIPRECS STONES",1
NEW ZEALAND,NZL,"G5 - PEARL, PRECS, SEMIPRECS STONES",15
SAN MARINO,SMR,"G5 - PEARL, PRECS, SEMIPRECS STONES",0
SOUTH AFRICA,ZAF,"G5 - PEARL, PRECS, SEMIPRECS STONES",120
SWAZILAND,SWZ,"G5 - PEARL, PRECS, SEMIPRECS STONES",1
SWITZERLAND,CHE,"G5 - PEARL, PRECS, SEMIPRECS STONES",121
THAILAND,THA,"G5 - PEARL, PRECS, SEMIPRECS STONES",987
U ARAB EMTS,ARE,"G5 - PEARL, PRECS, SEMIPRECS STONES",1922
UNITED STATES OF AMERICA,USA,"G5 - PEARL, PRECS, SEMIPRECS STONES",9803
VIRGIN IS US,VIR,"G5 - PEARL, PRECS, SEMIPRECS STONES",1
HONG KONG,HKG,G6 - GOLD,73
ARUBA,ABW,G9 - GOLD AND OTH PRECS METL JWLERY,0
AUSTRALIA,AUS,G9 - GOLD AND OTH PRECS METL JWLERY,142
BAHARAIN IS,BHR,G9 - GOLD AND OTH PRECS METL JWLERY,37
CANADA,CAN,G9 - GOLD AND OTH PRECS METL JWLERY,115
FRANCE,FRA,G9 - GOLD AND OTH PRECS METL JWLERY,130
GIBRALTAR,GIB,G9 - GOLD AND OTH PRECS METL JWLERY,0
HONG KONG,HKG,G9 - GOLD AND OTH PRECS METL JWLERY,1861
KUWAIT,KWT,G9 - GOLD AND OTH PRECS METL JWLERY,54
MACAO,MAC,G9 - GOLD AND OTH PRECS METL JWLERY,0
MONACO,MCO,G9 - GOLD AND OTH PRECS METL JWLERY,0
N. MARIANA IS.,MNP,G9 - GOLD AND OTH PRECS METL JWLERY,0
NORWAY,NOR,G9 - GOLD AND OTH PRECS METL JWLERY,12
QATAR,QAT,G9 - GOLD AND OTH PRECS METL JWLERY,97
SINGAPORE,SGP,G9 - GOLD AND OTH PRECS METL JWLERY,520
SWITZERLAND,CHE,G9 - GOLD AND OTH PRECS METL JWLERY,21
TURKS C IS,TCA,G9 - GOLD AND OTH PRECS METL JWLERY,0
U ARAB EMTS,ARE,G9 - GOLD AND OTH PRECS METL JWLERY,2461
UNITED KINGDOM,GBR,G9 - GOLD AND OTH PRECS METL JWLERY,400
UNITED STATES OF AMERICA,USA,G9 - GOLD AND OTH PRECS METL JWLERY,3514
VIRGIN IS US,VIR,G9 - GOLD AND OTH PRECS METL JWLERY,3
ANGUILLA,AIA,H1 - SPORTS GOODS,0
ANTIGUA,ATG,H1 - SPORTS GOODS,0
BERMUDA,BMU,H1 - SPORTS GOODS,0
GIBRALTAR,GIB,H1 - SPORTS GOODS,0
LIECHTENSTEIN,LIE,H1 - SPORTS GOODS,1
NORFOLK IS,NFK,H1 - SPORTS GOODS,0
ST KITT N A,KNA,H1 - SPORTS GOODS,0
KOREA DP RP,PRK,H3 - FERTILEZERS MANUFACTURED,0
GRENADA,GRD,H4 - AYUSH AND HERBAL PRODUCTS,0
LATVIA,LVA,H4 - AYUSH AND HERBAL PRODUCTS,3
MONGOLIA,MNG,H4 - AYUSH AND HERBAL PRODUCTS,1
ST LUCIA,LCA,H4 - AYUSH AND HERBAL PRODUCTS,0
ST VINCENT,VCT,H4 - AYUSH AND HERBAL PRODUCTS,0
TAJIKISTAN,TJK,H4 - AYUSH AND HERBAL PRODUCTS,1
TURKMENISTAN,TKM,H4 - AYUSH AND HERBAL PRODUCTS,1
UZBEKISTAN,UZB,H4 - AYUSH AND HERBAL PRODUCTS,4
ALGERIA,DZA,"H5 - BULK DRUGS, DRUG INTERMEDIATES",23
ARGENTINA,ARG,"H5 - BULK DRUGS, DRUG INTERMEDIATES",39
BELARUS,BLR,"H5 - BULK DRUGS, DRUG INTERMEDIATES",3
BOLIVIA,BOL,"H5 - BULK DRUGS, DRUG INTERMEDIATES",2
BOSNIA-HRZGOVIN,BIH,"H5 - BULK DRUGS, DRUG INTERMEDIATES",1
COLOMBIA,COL,"H5 - BULK DRUGS, DRUG INTERMEDIATES",39
CROATIA,HRV,"H5 - BULK DRUGS, DRUG INTERMEDIATES",13
CUBA,CUB,"H5 - BULK DRUGS, DRUG INTERMEDIATES",1
CYPRUS,CYP,"H5 - BULK DRUGS, DRUG INTERMEDIATES",22
DOMINICA,DOM,"H5 - BULK DRUGS, DRUG INTERMEDIATES",0
EGYPT A RP,EGY,"H5 - BULK DRUGS, DRUG INTERMEDIATES",122
EL SALVADOR,SLV,"H5 - BULK DRUGS, DRUG INTERMEDIATES",4
ERITREA,ERI,"H5 - BULK DRUGS, DRUG INTERMEDIATES",0
GREECE,GRC,"H5 - BULK DRUGS, DRUG INTERMEDIATES",30
HUNGARY,HUN,"H5 - BULK DRUGS, DRUG INTERMEDIATES",13
ICELAND,ISL,"H5 - BULK DRUGS, DRUG INTERMEDIATES",1
IRAN,IRN,"H5 - BULK DRUGS, DRUG INTERMEDIATES",41
IRELAND,IRL,"H5 - BULK DRUGS, DRUG INTERMEDIATES",96
JORDAN,JOR,"H5 - BULK DRUGS, DRUG INTERMEDIATES",24
KOREA DP RP,PRK,"H5 - BULK DRUGS, DRUG INTERMEDIATES",0
LEBANON,LBN,"H5 - BULK DRUGS, DRUG INTERMEDIATES",15
LITHUANIA,LTU,"H5 - BULK DRUGS, DRUG INTERMEDIATES",5
MACEDONIA,MKD,"H5 - BULK DRUGS, DRUG INTERMEDIATES",9
MALAWI,MWI,"H5 - BULK DRUGS, DRUG INTERMEDIATES",2
MALTA,MLT,"H5 - BULK DRUGS, DRUG INTERMEDIATES",6
MEXICO,MEX,"H5 - BULK DRUGS, DRUG INTERMEDIATES",95
MOLDOVA,MDA,"H5 - BULK DRUGS, DRUG INTERMEDIATES",0
MONTENEGRO,MNE,"H5 - BULK DRUGS, DRUG INTERMEDIATES",1
N. MARIANA IS.,MNP,"H5 - BULK DRUGS, DRUG INTERMEDIATES",0
PAKISTAN IR,PAK,"H5 - BULK DRUGS, DRUG INTERMEDIATES",59
PARAGUAY,PRY,"H5 - BULK DRUGS, DRUG INTERMEDIATES",4
PUERTO RICO,PRI,"H5 - BULK DRUGS, DRUG INTERMEDIATES",11
RUSSIA,RUS,"H5 - BULK DRUGS, DRUG INTERMEDIATES",104
SERBIA,SRB,"H5 - BULK DRUGS, DRUG INTERMEDIATES",7
SLOVENIA,SVN,"H5 - BULK DRUGS, DRUG INTERMEDIATES",15
SUDAN,SDN,"H5 - BULK DRUGS, DRUG INTERMEDIATES",15
SWAZILAND,SWZ,"H5 - BULK DRUGS, DRUG INTERMEDIATES",1
SWITZERLAND,CHE,"H5 - BULK DRUGS, DRUG INTERMEDIATES",83
SYRIA,SYR,"H5 - BULK DRUGS, DRUG INTERMEDIATES",4
TUNISIA,TUN,"H5 - BULK DRUGS, DRUG INTERMEDIATES",8
UGANDA,UGA,"H5 - BULK DRUGS, DRUG INTERMEDIATES",15
URUGUAY,URY,"H5 - BULK DRUGS, DRUG INTERMEDIATES",8
DOMINIC REP,DMA,H7 - DYES,9
EL SALVADOR,SLV,H7 - DYES,2
HONDURAS,HND,H7 - DYES,75
LUXEMBOURG,LUX,H7 - DYES,1
MAURITANIA,MRT,H7 - DYES,4
PERU,PER,H7 - DYES,17
SWITZERLAND,CHE,H7 - DYES,20
TAIWAN,TWN,H7 - DYES,35
TURKEY,TUR,H7 - DYES,233
UZBEKISTAN,UZB,H7 - DYES,10
AFGHANISTAN,AFG,"H8 - DRUG FORMULATIONS, BIOLOGICALS",53
ALBANIA,ALB,"H8 - DRUG FORMULATIONS, BIOLOGICALS",1
ALGERIA,DZA,"H8 - DRUG FORMULATIONS, BIOLOGICALS",61
ANGOLA,AGO,"H8 - DRUG FORMULATIONS, BIOLOGICALS",67
ANGUILLA,AIA,"H8 - DRUG FORMULATIONS, BIOLOGICALS",0
ANTIGUA,ATG,"H8 - DRUG FORMULATIONS, BIOLOGICALS",0
ARGENTINA,ARG,"H8 - DRUG FORMULATIONS, BIOLOGICALS",25
ARMENIA,ARM,"H8 - DRUG FORMULATIONS, BIOLOGICALS",2
AUSTRALIA,AUS,"H8 - DRUG FORMULATIONS, BIOLOGICALS",320
AUSTRIA,AUT,"H8 - DRUG FORMULATIONS, BIOLOGICALS",21
AZERBAIJAN,AZE,"H8 - DRUG FORMULATIONS, BIOLOGICALS",7
BAHAMAS,BHS,"H8 - DRUG FORMULATIONS, BIOLOGICALS",2
BARBADOS,BRB,"H8 - DRUG FORMULATIONS, BIOLOGICALS",2
BELARUS,BLR,"H8 - DRUG FORMULATIONS, BIOLOGICALS",21
BELGIUM,BEL,"H8 - DRUG FORMULATIONS, BIOLOGICALS",274
BELIZE,BLZ,"H8 - DRUG FORMULATIONS, BIOLOGICALS",1
BENIN,BEN,"H8 - DRUG FORMULATIONS, BIOLOGICALS",22
BERMUDA,BMU,"H8 - DRUG FORMULATIONS, BIOLOGICALS",0
BOLIVIA,BOL,"H8 - DRUG FORMULATIONS, BIOLOGICALS",43
BOSNIA-HRZGOVIN,BIH,"H8 - DRUG FORMULATIONS, BIOLOGICALS",2
BOTSWANA,BWA,"H8 - DRUG FORMULATIONS, BIOLOGICALS",24
BRAZIL,BRA,"H8 - DRUG FORMULATIONS, BIOLOGICALS",337
BULGARIA,BGR,"H8 - DRUG FORMULATIONS, BIOLOGICALS",11
BURKINA FASO,BFA,"H8 - DRUG FORMULATIONS, BIOLOGICALS",46
BURUNDI,BDI,"H8 - DRUG FORMULATIONS, BIOLOGICALS",16
C AFRI REP,CAF,"H8 - DRUG FORMULATIONS, BIOLOGICALS",10
CAMBODIA,KHM,"H8 - DRUG FORMULATIONS, BIOLOGICALS",56
CAMEROON,CMR,"H8 - DRUG FORMULATIONS, BIOLOGICALS",61
CANADA,CAN,"H8 - DRUG FORMULATIONS, BIOLOGICALS",317
CAPE VERDE IS,CPV,"H8 - DRUG FORMULATIONS, BIOLOGICALS",0
CAYMAN IS,CYM,"H8 - DRUG FORMULATIONS, BIOLOGICALS",2
CHAD,TCD,"H8 - DRUG FORMULATIONS, BIOLOGICALS",23
CHILE,CHL,"H8 - DRUG FORMULATIONS, BIOLOGICALS",140
COLOMBIA,COL,"H8 - DRUG FORMULATIONS, BIOLOGICALS",97
CONGO D. REP.,COG,"H8 - DRUG FORMULATIONS, BIOLOGICALS",147
CONGO P REP,COD,"H8 - DRUG FORMULATIONS, BIOLOGICALS",17
COSTA RICA,CRI,"H8 - DRUG FORMULATIONS, BIOLOGICALS",14
COTE D' IVOIRE,CIV,"H8 - DRUG FORMULATIONS, BIOLOGICALS",36
CROATIA,HRV,"H8 - DRUG FORMULATIONS, BIOLOGICALS",9
CUBA,CUB,"H8 - DRUG FORMULATIONS, BIOLOGICALS",6
CYPRUS,CYP,"H8 - DRUG FORMULATIONS, BIOLOGICALS",6
CZECH REPUBLIC,CZE,"H8 - DRUG FORMULATIONS, BIOLOGICALS",45
DENMARK,DNK,"H8 - DRUG FORMULATIONS, BIOLOGICALS",32
DOMINIC REP,DMA,"H8 - DRUG FORMULATIONS, BIOLOGICALS",60
DOMINICA,DOM,"H8 - DRUG FORMULATIONS, BIOLOGICALS",1
ECUADOR,ECU,"H8 - DRUG FORMULATIONS, BIOLOGICALS",31
EL SALVADOR,SLV,"H8 - DRUG FORMULATIONS, BIOLOGICALS",29
EQUTL GUINEA,GNQ,"H8 - DRUG FORMULATIONS, BIOLOGICALS",1
ERITREA,ERI,"H8 - DRUG FORMULATIONS, BIOLOGICALS",4
ETHIOPIA,ETH,"H8 - DRUG FORMULATIONS, BIOLOGICALS",165
FIJI IS,FJI,"H8 - DRUG FORMULATIONS, BIOLOGICALS",5
FINLAND,FIN,"H8 - DRUG FORMULATIONS, BIOLOGICALS",38
FRANCE,FRA,"H8 - DRUG FORMULATIONS, BIOLOGICALS",357
GAMBIA,GMB,"H8 - DRUG FORMULATIONS, BIOLOGICALS",8
GEORGIA,GEO,"H8 - DRUG FORMULATIONS, BIOLOGICALS",34
GERMANY,DEU,"H8 - DRUG FORMULATIONS, BIOLOGICALS",262
GHANA,GHA,"H8 - DRUG FORMULATIONS, BIOLOGICALS",143
GRENADA,GRD,"H8 - DRUG FORMULATIONS, BIOLOGICALS",0
GUAM,GUM,"H8 - DRUG FORMULATIONS, BIOLOGICALS",0
GUATEMALA,GTM,"H8 - DRUG FORMULATIONS, BIOLOGICALS",59
GUINEA,GIN,"H8 - DRUG FORMULATIONS, BIOLOGICALS",35
GUINEA BISSAU,GNB,"H8 - DRUG FORMULATIONS, BIOLOGICALS",3
GUYANA,GUY,"H8 - DRUG FORMULATIONS, BIOLOGICALS",16
HAITI,HTI,"H8 - DRUG FORMULATIONS, BIOLOGICALS",17
HONDURAS,HND,"H8 - DRUG FORMULATIONS, BIOLOGICALS",29
HUNGARY,HUN,"H8 - DRUG FORMULATIONS, BIOLOGICALS",54
IRAN,IRN,"H8 - DRUG FORMULATIONS, BIOLOGICALS",33
IRAQ,IRQ,"H8 - DRUG FORMULATIONS, BIOLOGICALS",86
JAMAICA,JAM,"H8 - DRUG FORMULATIONS, BIOLOGICALS",24
KAZAKHSTAN,KAZ,"H8 - DRUG FORMULATIONS, BIOLOGICALS",62
KENYA,KEN,"H8 - DRUG FORMULATIONS, BIOLOGICALS",241
KIRIBATI REP,KIR,"H8 - DRUG FORMULATIONS, BIOLOGICALS",0
KYRGHYZSTAN,KGZ,"H8 - DRUG FORMULATIONS, BIOLOGICALS",9
LAO PD RP,LAO,"H8 - DRUG FORMULATIONS, BIOLOGICALS",3
LEBANON,LBN,"H8 - DRUG FORMULATIONS, BIOLOGICALS",15
LESOTHO,LSO,"H8 - DRUG FORMULATIONS, BIOLOGICALS",9
LIBERIA,LBR,"H8 - DRUG FORMULATIONS, BIOLOGICALS",17
LIBYA,LBY,"H8 - DRUG FORMULATIONS, BIOLOGICALS",14
LIECHTENSTEIN,LIE,"H8 - DRUG FORMULATIONS, BIOLOGICALS",0
LITHUANIA,LTU,"H8 - DRUG FORMULATIONS, BIOLOGICALS",14
MACAO,MAC,"H8 - DRUG FORMULATIONS, BIOLOGICALS",0
MACEDONIA,MKD,"H8 - DRUG FORMULATIONS, BIOLOGICALS",3
MADAGASCAR,MDG,"H8 - DRUG FORMULATIONS, BIOLOGICALS",27
MALAWI,MWI,"H8 - DRUG FORMULATIONS, BIOLOGICALS",53
MALDIVES,MDV,"H8 - DRUG FORMULATIONS, BIOLOGICALS",21
MALI,MLI,"H8 - DRUG FORMULATIONS, BIOLOGICALS",37
MALTA,MLT,"H8 - DRUG FORMULATIONS, BIOLOGICALS",126
MARSHALL ISLAND,MHL,"H8 - DRUG FORMULATIONS, BIOLOGICALS",1
MAURITANIA,MRT,"H8 - DRUG FORMULATIONS, BIOLOGICALS",9
MAURITIUS,MUS,"H8 - DRUG FORMULATIONS, BIOLOGICALS",43
MEXICO,MEX,"H8 - DRUG FORMULATIONS, BIOLOGICALS",150
MICRONESIA,FSM,"H8 - DRUG FORMULATIONS, BIOLOGICALS",0
MOLDOVA,MDA,"H8 - DRUG FORMULATIONS, BIOLOGICALS",4
MONGOLIA,MNG,"H8 - DRUG FORMULATIONS, BIOLOGICALS",13
MONTSERRAT,MSR,"H8 - DRUG FORMULATIONS, BIOLOGICALS",0
MOROCCO,MAR,"H8 - DRUG FORMULATIONS, BIOLOGICALS",49
MOZAMBIQUE,MOZ,"H8 - DRUG FORMULATIONS, BIOLOGICALS",121
MYANMAR,MMR,"H8 - DRUG FORMULATIONS, BIOLOGICALS",300
NAMIBIA,NAM,"H8 - DRUG FORMULATIONS, BIOLOGICALS",27
NAURU RP,NRU,"H8 - DRUG FORMULATIONS, BIOLOGICALS",0
NEPAL,NPL,"H8 - DRUG FORMULATIONS, BIOLOGICALS",225
NETHERLAND,NLD,"H8 - DRUG FORMULATIONS, BIOLOGICALS",287
NEW ZEALAND,NZL,"H8 - DRUG FORMULATIONS, BIOLOGICALS",40
NICARAGUA,NIC,"H8 - DRUG FORMULATIONS, BIOLOGICALS",19
NIGER,NER,"H8 - DRUG FORMULATIONS, BIOLOGICALS",16
NIGERIA,NGA,"H8 - DRUG FORMULATIONS, BIOLOGICALS",450
PAKISTAN IR,PAK,"H8 - DRUG FORMULATIONS, BIOLOGICALS",166
PANAMA REPUBLIC,PAN,"H8 - DRUG FORMULATIONS, BIOLOGICALS",17
PAPUA N GNA,PNG,"H8 - DRUG FORMULATIONS, BIOLOGICALS",14
PARAGUAY,PRY,"H8 - DRUG FORMULATIONS, BIOLOGICALS",16
PERU,PER,"H8 - DRUG FORMULATIONS, BIOLOGICALS",95
PHILIPPINES,PHL,"H8 - DRUG FORMULATIONS, BIOLOGICALS",277
POLAND,POL,"H8 - DRUG FORMULATIONS, BIOLOGICALS",66
RUSSIA,RUS,"H8 - DRUG FORMULATIONS, BIOLOGICALS",447
RWANDA,RWA,"H8 - DRUG FORMULATIONS, BIOLOGICALS",29
SAMOA,WSM,"H8 - DRUG FORMULATIONS, BIOLOGICALS",0
SAN MARINO,SMR,"H8 - DRUG FORMULATIONS, BIOLOGICALS",0
SAO TOME,STP,"H8 - DRUG FORMULATIONS, BIOLOGICALS",0
SENEGAL,SEN,"H8 - DRUG FORMULATIONS, BIOLOGICALS",30
SERBIA,SRB,"H8 - DRUG FORMULATIONS, BIOLOGICALS",5
SEYCHELLES,SYC,"H8 - DRUG FORMULATIONS, BIOLOGICALS",3
SIERRA LEONE,SLE,"H8 - DRUG FORMULATIONS, BIOLOGICALS",25
SLOVENIA,SVN,"H8 - DRUG FORMULATIONS, BIOLOGICALS",64
SOLOMON IS,SLB,"H8 - DRUG FORMULATIONS, BIOLOGICALS",1
SOMALIA,SOM,"H8 - DRUG FORMULATIONS, BIOLOGICALS",25
SOUTH AFRICA,ZAF,"H8 - DRUG FORMULATIONS, BIOLOGICALS",494
SOUTH SUDAN,SSD,"H8 - DRUG FORMULATIONS, BIOLOGICALS",7
SRI LANKA DSR,LKA,"H8 - DRUG FORMULATIONS, BIOLOGICALS",188
ST KITT N A,KNA,"H8 - DRUG FORMULATIONS, BIOLOGICALS",1
ST LUCIA,LCA,"H8 - DRUG FORMULATIONS, BIOLOGICALS",1
ST VINCENT,VCT,"H8 - DRUG FORMULATIONS, BIOLOGICALS",0
SUDAN,SDN,"H8 - DRUG FORMULATIONS, BIOLOGICALS",59
SURINAME,SUR,"H8 - DRUG FORMULATIONS, BIOLOGICALS",1
SWAZILAND,SWZ,"H8 - DRUG FORMULATIONS, BIOLOGICALS",16
SYRIA,SYR,"H8 - DRUG FORMULATIONS, BIOLOGICALS",3
TAJIKISTAN,TJK,"H8 - DRUG FORMULATIONS, BIOLOGICALS",21
TANZANIA REP,TZA,"H8 - DRUG FORMULATIONS, BIOLOGICALS",200
THAILAND,THA,"H8 - DRUG FORMULATIONS, BIOLOGICALS",133
TIMOR LESTE,TLS,"H8 - DRUG FORMULATIONS, BIOLOGICALS",1
TOGO,TGO,"H8 - DRUG FORMULATIONS, BIOLOGICALS",11
TRINIDAD,TTO,"H8 - DRUG FORMULATIONS, BIOLOGICALS",11
TURKMENISTAN,TKM,"H8 - DRUG FORMULATIONS, BIOLOGICALS",16
TURKS C IS,TCA,"H8 - DRUG FORMULATIONS, BIOLOGICALS",0
UNITED KINGDOM,GBR,"H8 - DRUG FORMULATIONS, BIOLOGICALS",559
UNITED STATES OF AMERICA,USA,"H8 - DRUG FORMULATIONS, BIOLOGICALS",5811
UGANDA,UGA,"H8 - DRUG FORMULATIONS, BIOLOGICALS",164
UKRAINE,UKR,"H8 - DRUG FORMULATIONS, BIOLOGICALS",131
URUGUAY,URY,"H8 - DRUG FORMULATIONS, BIOLOGICALS",5
UZBEKISTAN,UZB,"H8 - DRUG FORMULATIONS, BIOLOGICALS",122
VANUATU REP,VUT,"H8 - DRUG FORMULATIONS, BIOLOGICALS",1
VENEZUELA,VEN,"H8 - DRUG FORMULATIONS, BIOLOGICALS",91
YEMEN REPUBLC,YEM,"H8 - DRUG FORMULATIONS, BIOLOGICALS",65
ZAMBIA,ZMB,"H8 - DRUG FORMULATIONS, BIOLOGICALS",119
ZIMBABWE,ZWE,"H8 - DRUG FORMULATIONS, BIOLOGICALS",113
ARGENTINA,ARG,H9 - AGRO CHEMICALS,107
AUSTRALIA,AUS,H9 - AGRO CHEMICALS,114
BELIZE,BLZ,H9 - AGRO CHEMICALS,1
BOLIVIA,BOL,H9 - AGRO CHEMICALS,2
BRAZIL,BRA,H9 - AGRO CHEMICALS,1157
CAMBODIA,KHM,H9 - AGRO CHEMICALS,5
CAMEROON,CMR,H9 - AGRO CHEMICALS,7
CHAD,TCD,H9 - AGRO CHEMICALS,2
COLOMBIA,COL,H9 - AGRO CHEMICALS,53
COSTA RICA,CRI,H9 - AGRO CHEMICALS,24
COTE D' IVOIRE,CIV,H9 - AGRO CHEMICALS,25
ECUADOR,ECU,H9 - AGRO CHEMICALS,9
ETHIOPIA,ETH,H9 - AGRO CHEMICALS,28
GUATEMALA,GTM,H9 - AGRO CHEMICALS,14
JAPAN,JPN,H9 - AGRO CHEMICALS,163
KYRGHYZSTAN,KGZ,H9 - AGRO CHEMICALS,1
LATVIA,LVA,H9 - AGRO CHEMICALS,11
MALAWI,MWI,H9 - AGRO CHEMICALS,3
PARAGUAY,PRY,H9 - AGRO CHEMICALS,27
RWANDA,RWA,H9 - AGRO CHEMICALS,7
SUDAN,SDN,H9 - AGRO CHEMICALS,14
UGANDA,UGA,H9 - AGRO CHEMICALS,21
UKRAINE,UKR,H9 - AGRO CHEMICALS,19
URUGUAY,URY,H9 - AGRO CHEMICALS,8
VENEZUELA,VEN,H9 - AGRO CHEMICALS,2
ANGUILLA,AIA,I1 - SURGICALS,0
CAYMAN IS,CYM,I1 - SURGICALS,1
ERITREA,ERI,I1 - SURGICALS,1
GRENADA,GRD,I1 - SURGICALS,0
LESOTHO,LSO,I1 - SURGICALS,0
MOLDOVA,MDA,I1 - SURGICALS,0
SAMOA,WSM,I1 - SURGICALS,0
SAO TOME,STP,I1 - SURGICALS,0
TIMOR LESTE,TLS,I1 - SURGICALS,0
TURKS C IS,TCA,I1 - SURGICALS,0
CUBA,CUB,I2 - INORGANIC CHEMICALS,0
ERITREA,ERI,I2 - INORGANIC CHEMICALS,0
FR GUIANA,GUF,I2 - INORGANIC CHEMICALS,0
GUAM,GUM,I2 - INORGANIC CHEMICALS,0
MOROCCO,MAR,I2 - INORGANIC CHEMICALS,26
NAMIBIA,NAM,I2 - INORGANIC CHEMICALS,2
SLOVAK REP,SVK,I2 - INORGANIC CHEMICALS,5
ARGENTINA,ARG,I3 - ORGANIC CHEMICALS,27
BELARUS,BLR,I3 - ORGANIC CHEMICALS,1
BELGIUM,BEL,I3 - ORGANIC CHEMICALS,524
BRAZIL,BRA,I3 - ORGANIC CHEMICALS,235
CHINA P RP,CHN,I3 - ORGANIC CHEMICALS,1347
CYPRUS,CYP,I3 - ORGANIC CHEMICALS,2
EGYPT A RP,EGY,I3 - ORGANIC CHEMICALS,97
ESTONIA,EST,I3 - ORGANIC CHEMICALS,2
FINLAND,FIN,I3 - ORGANIC CHEMICALS,8
GERMANY,DEU,I3 - ORGANIC CHEMICALS,326
INDONESIA,IDN,I3 - ORGANIC CHEMICALS,359
IRAN,IRN,I3 - ORGANIC CHEMICALS,32
IRELAND,IRL,I3 - ORGANIC CHEMICALS,29
ITALY,ITA,I3 - ORGANIC CHEMICALS,162
JAPAN,JPN,I3 - ORGANIC CHEMICALS,244
KOREA DP RP,PRK,I3 - ORGANIC CHEMICALS,0
KOREA RP,KOR,I3 - ORGANIC CHEMICALS,218
KUWAIT,KWT,I3 - ORGANIC CHEMICALS,81
MACEDONIA,MKD,I3 - ORGANIC CHEMICALS,2
MALAYSIA,MYS,I3 - ORGANIC CHEMICALS,419
MALTA,MLT,I3 - ORGANIC CHEMICALS,5
MEXICO,MEX,I3 - ORGANIC CHEMICALS,181
NETHERLAND,NLD,I3 - ORGANIC CHEMICALS,481
NORWAY,NOR,I3 - ORGANIC CHEMICALS,12
OMAN,OMN,I3 - ORGANIC CHEMICALS,60
PAKISTAN IR,PAK,I3 - ORGANIC CHEMICALS,20
PORTUGAL,PRT,I3 - ORGANIC CHEMICALS,89
PUERTO RICO,PRI,I3 - ORGANIC CHEMICALS,11
QATAR,QAT,I3 - ORGANIC CHEMICALS,109
SAUDI ARAB,SAU,I3 - ORGANIC CHEMICALS,915
SERBIA,SRB,I3 - ORGANIC CHEMICALS,5
SINGAPORE,SGP,I3 - ORGANIC CHEMICALS,212
SLOVENIA,SVN,I3 - ORGANIC CHEMICALS,23
SPAIN,ESP,I3 - ORGANIC CHEMICALS,303
SWAZILAND,SWZ,I3 - ORGANIC CHEMICALS,1
SWITZERLAND,CHE,I3 - ORGANIC CHEMICALS,171
TAIWAN,TWN,I3 - ORGANIC CHEMICALS,195
TURKEY,TUR,I3 - ORGANIC CHEMICALS,195
U ARAB EMTS,ARE,I3 - ORGANIC CHEMICALS,437
URUGUAY,URY,I3 - ORGANIC CHEMICALS,6
BELARUS,BLR,I4 - OTHER MISCELLAENIOUS CHEMICALS,2
BULGARIA,BGR,I4 - OTHER MISCELLAENIOUS CHEMICALS,12
ESTONIA,EST,I4 - OTHER MISCELLAENIOUS CHEMICALS,6
IRELAND,IRL,I4 - OTHER MISCELLAENIOUS CHEMICALS,23
MACAO,MAC,I4 - OTHER MISCELLAENIOUS CHEMICALS,0
MACEDONIA,MKD,I4 - OTHER MISCELLAENIOUS CHEMICALS,0
MALTA,MLT,I4 - OTHER MISCELLAENIOUS CHEMICALS,1
NORWAY,NOR,I4 - OTHER MISCELLAENIOUS CHEMICALS,56
PAKISTAN IR,PAK,I4 - OTHER MISCELLAENIOUS CHEMICALS,7
SURINAME,SUR,I4 - OTHER MISCELLAENIOUS CHEMICALS,1
SWITZERLAND,CHE,I4 - OTHER MISCELLAENIOUS CHEMICALS,53
CHAD,TCD,I5 - COSMETICS AND TOILETRIES,2
COMOROS,COM,I5 - COSMETICS AND TOILETRIES,1
EQUTL GUINEA,GNQ,I5 - COSMETICS AND TOILETRIES,0
FIJI IS,FJI,I5 - COSMETICS AND TOILETRIES,2
GUAM,GUM,I5 - COSMETICS AND TOILETRIES,0
HAITI,HTI,I5 - COSMETICS AND TOILETRIES,4
HONDURAS,HND,I5 - COSMETICS AND TOILETRIES,6
MARSHALL ISLAND,MHL,I5 - COSMETICS AND TOILETRIES,0
MONGOLIA,MNG,I5 - COSMETICS AND TOILETRIES,1
MYANMAR,MMR,I5 - COSMETICS AND TOILETRIES,10
NORFOLK IS,NFK,I5 - COSMETICS AND TOILETRIES,0
SURINAME,SUR,I5 - COSMETICS AND TOILETRIES,1
SWAZILAND,SWZ,I5 - COSMETICS AND TOILETRIES,0
SYRIA,SYR,I5 - COSMETICS AND TOILETRIES,3
IRAN,IRN,I6 - ESSENTIAL OILS,23
ALGERIA,DZA,I7 - RESIDUL CHEMICL AND ALLED PROD,21
ARGENTINA,ARG,I7 - RESIDUL CHEMICL AND ALLED PROD,32
AUSTRIA,AUT,I7 - RESIDUL CHEMICL AND ALLED PROD,13
BELARUS,BLR,I7 - RESIDUL CHEMICL AND ALLED PROD,3
BELGIUM,BEL,I7 - RESIDUL CHEMICL AND ALLED PROD,168
BOSNIA-HRZGOVIN,BIH,I7 - RESIDUL CHEMICL AND ALLED PROD,0
BOTSWANA,BWA,I7 - RESIDUL CHEMICL AND ALLED PROD,1
BRAZIL,BRA,I7 - RESIDUL CHEMICL AND ALLED PROD,176
BRUNEI,BRN,I7 - RESIDUL CHEMICL AND ALLED PROD,1
BULGARIA,BGR,I7 - RESIDUL CHEMICL AND ALLED PROD,22
CAMEROON,CMR,I7 - RESIDUL CHEMICL AND ALLED PROD,7
CANADA,CAN,I7 - RESIDUL CHEMICL AND ALLED PROD,166
COSTA RICA,CRI,I7 - RESIDUL CHEMICL AND ALLED PROD,4
CROATIA,HRV,I7 - RESIDUL CHEMICL AND ALLED PROD,22
CYPRUS,CYP,I7 - RESIDUL CHEMICL AND ALLED PROD,6
CZECH REPUBLIC,CZE,I7 - RESIDUL CHEMICL AND ALLED PROD,15
EGYPT A RP,EGY,I7 - RESIDUL CHEMICL AND ALLED PROD,104
ESTONIA,EST,I7 - RESIDUL CHEMICL AND ALLED PROD,3
FR GUIANA,GUF,I7 - RESIDUL CHEMICL AND ALLED PROD,0
GABON,GAB,I7 - RESIDUL CHEMICL AND ALLED PROD,5
GERMANY,DEU,I7 - RESIDUL CHEMICL AND ALLED PROD,286
GREECE,GRC,I7 - RESIDUL CHEMICL AND ALLED PROD,33
HUNGARY,HUN,I7 - RESIDUL CHEMICL AND ALLED PROD,30
ICELAND,ISL,I7 - RESIDUL CHEMICL AND ALLED PROD,2
IRAN,IRN,I7 - RESIDUL CHEMICL AND ALLED PROD,28
IRELAND,IRL,I7 - RESIDUL CHEMICL AND ALLED PROD,61
ISRAEL,ISR,I7 - RESIDUL CHEMICL AND ALLED PROD,65
ITALY,ITA,I7 - RESIDUL CHEMICL AND ALLED PROD,165
JAPAN,JPN,I7 - RESIDUL CHEMICL AND ALLED PROD,250
KAZAKHSTAN,KAZ,I7 - RESIDUL CHEMICL AND ALLED PROD,2
KOREA RP,KOR,I7 - RESIDUL CHEMICL AND ALLED PROD,158
LEBANON,LBN,I7 - RESIDUL CHEMICL AND ALLED PROD,9
MACEDONIA,MKD,I7 - RESIDUL CHEMICL AND ALLED PROD,1
MALTA,MLT,I7 - RESIDUL CHEMICL AND ALLED PROD,7
MOLDOVA,MDA,I7 - RESIDUL CHEMICL AND ALLED PROD,0
NETHERLAND,NLD,I7 - RESIDUL CHEMICL AND ALLED PROD,305
PAKISTAN IR,PAK,I7 - RESIDUL CHEMICL AND ALLED PROD,43
PARAGUAY,PRY,I7 - RESIDUL CHEMICL AND ALLED PROD,6
PUERTO RICO,PRI,I7 - RESIDUL CHEMICL AND ALLED PROD,122
RUSSIA,RUS,I7 - RESIDUL CHEMICL AND ALLED PROD,92
SAN MARINO,SMR,I7 - RESIDUL CHEMICL AND ALLED PROD,0
SERBIA,SRB,I7 - RESIDUL CHEMICL AND ALLED PROD,8
SINGAPORE,SGP,I7 - RESIDUL CHEMICL AND ALLED PROD,131
SLOVAK REP,SVK,I7 - RESIDUL CHEMICL AND ALLED PROD,4
SLOVENIA,SVN,I7 - RESIDUL CHEMICL AND ALLED PROD,59
SPAIN,ESP,I7 - RESIDUL CHEMICL AND ALLED PROD,151
SWAZILAND,SWZ,I7 - RESIDUL CHEMICL AND ALLED PROD,1
SWITZERLAND,CHE,I7 - RESIDUL CHEMICL AND ALLED PROD,238
TAIWAN,TWN,I7 - RESIDUL CHEMICL AND ALLED PROD,71
THAILAND,THA,I7 - RESIDUL CHEMICL AND ALLED PROD,118
URUGUAY,URY,I7 - RESIDUL CHEMICL AND ALLED PROD,6
VENEZUELA,VEN,I7 - RESIDUL CHEMICL AND ALLED PROD,2
AFGHANISTAN,AFG,I8 - AUTO TYRES AND TUBES,12
BELIZE,BLZ,I8 - AUTO TYRES AND TUBES,0
BOLIVIA,BOL,I8 - AUTO TYRES AND TUBES,3
BOSNIA-HRZGOVIN,BIH,I8 - AUTO TYRES AND TUBES,1
BOTSWANA,BWA,I8 - AUTO TYRES AND TUBES,1
BULGARIA,BGR,I8 - AUTO TYRES AND TUBES,8
CYPRUS,CYP,I8 - AUTO TYRES AND TUBES,2
ERITREA,ERI,I8 - AUTO TYRES AND TUBES,0
ESTONIA,EST,I8 - AUTO TYRES AND TUBES,2
FINLAND,FIN,I8 - AUTO TYRES AND TUBES,15
GUAM,GUM,I8 - AUTO TYRES AND TUBES,0
HAITI,HTI,I8 - AUTO TYRES AND TUBES,4
ICELAND,ISL,I8 - AUTO TYRES AND TUBES,0
IRELAND,IRL,I8 - AUTO TYRES AND TUBES,29
LATVIA,LVA,I8 - AUTO TYRES AND TUBES,31
MARTINIQUE,MTQ,I8 - AUTO TYRES AND TUBES,0
MOLDOVA,MDA,I8 - AUTO TYRES AND TUBES,0
NICARAGUA,NIC,I8 - AUTO TYRES AND TUBES,3
PERU,PER,I8 - AUTO TYRES AND TUBES,19
PHILIPPINES,PHL,I8 - AUTO TYRES AND TUBES,68
PORTUGAL,PRT,I8 - AUTO TYRES AND TUBES,33
PUERTO RICO,PRI,I8 - AUTO TYRES AND TUBES,3
REUNION,REU,I8 - AUTO TYRES AND TUBES,1
ROMANIA,ROU,I8 - AUTO TYRES AND TUBES,15
SLOVAK REP,SVK,I8 - AUTO TYRES AND TUBES,18
SOMALIA,SOM,I8 - AUTO TYRES AND TUBES,8
SWAZILAND,SWZ,I8 - AUTO TYRES AND TUBES,0
UGANDA,UGA,I8 - AUTO TYRES AND TUBES,12
UKRAINE,UKR,I8 - AUTO TYRES AND TUBES,16
ZIMBABWE,ZWE,I8 - AUTO TYRES AND TUBES,2
ALBANIA,ALB,I9 - OTHR RUBBER PRODCT EXCPT FOOTW,1
BURKINA FASO,BFA,I9 - OTHR RUBBER PRODCT EXCPT FOOTW,6
BURUNDI,BDI,I9 - OTHR RUBBER PRODCT EXCPT FOOTW,1
ERITREA,ERI,I9 - OTHR RUBBER PRODCT EXCPT FOOTW,1
GUAM,GUM,I9 - OTHR RUBBER PRODCT EXCPT FOOTW,0
GUYANA,GUY,I9 - OTHR RUBBER PRODCT EXCPT FOOTW,2
KIRIBATI REP,KIR,I9 - OTHR RUBBER PRODCT EXCPT FOOTW,0
LESOTHO,LSO,I9 - OTHR RUBBER PRODCT EXCPT FOOTW,0
MALAWI,MWI,I9 - OTHR RUBBER PRODCT EXCPT FOOTW,4
MALI,MLI,I9 - OTHR RUBBER PRODCT EXCPT FOOTW,6
MONGOLIA,MNG,I9 - OTHR RUBBER PRODCT EXCPT FOOTW,0
PAPUA N GNA,PNG,I9 - OTHR RUBBER PRODCT EXCPT FOOTW,1
SAN MARINO,SMR,I9 - OTHR RUBBER PRODCT EXCPT FOOTW,0
SAO TOME,STP,I9 - OTHR RUBBER PRODCT EXCPT FOOTW,0
SERBIA,SRB,I9 - OTHR RUBBER PRODCT EXCPT FOOTW,2
SEYCHELLES,SYC,I9 - OTHR RUBBER PRODCT EXCPT FOOTW,1
TIMOR LESTE,TLS,I9 - OTHR RUBBER PRODCT EXCPT FOOTW,0
ANGUILLA,AIA,J1 - FOOTWEAR OF RUBBER/CANVAS ETC.,0
CHAD,TCD,J1 - FOOTWEAR OF RUBBER/CANVAS ETC.,2
COMOROS,COM,J1 - FOOTWEAR OF RUBBER/CANVAS ETC.,0
KIRIBATI REP,KIR,J1 - FOOTWEAR OF RUBBER/CANVAS ETC.,0
MICRONESIA,FSM,J1 - FOOTWEAR OF RUBBER/CANVAS ETC.,0
MONACO,MCO,J1 - FOOTWEAR OF RUBBER/CANVAS ETC.,0
PAPUA N GNA,PNG,J1 - FOOTWEAR OF RUBBER/CANVAS ETC.,3
SOMALIA,SOM,J1 - FOOTWEAR OF RUBBER/CANVAS ETC.,22
SOUTH SUDAN,SSD,J1 - FOOTWEAR OF RUBBER/CANVAS ETC.,2
MAYOTTE,MYT,"J2 - PAINT, VARNISH AND ALLID PRODC",0
MOLDOVA,MDA,"J2 - PAINT, VARNISH AND ALLID PRODC",0
N. MARIANA IS.,MNP,"J2 - PAINT, VARNISH AND ALLID PRODC",0
TONGA,TON,"J2 - PAINT, VARNISH AND ALLID PRODC",0
CAYMAN IS,CYM,"J4 - CMNT, CLINKR AND ASBSTOS CMNT",0
ALBANIA,ALB,J5 - CERAMICS AND ALLIED PRODUCTS,17
ARMENIA,ARM,J5 - CERAMICS AND ALLIED PRODUCTS,1
BOSNIA-HRZGOVIN,BIH,J5 - CERAMICS AND ALLIED PRODUCTS,1
CAPE VERDE IS,CPV,J5 - CERAMICS AND ALLIED PRODUCTS,0
COSTA RICA,CRI,J5 - CERAMICS AND ALLIED PRODUCTS,3
CROATIA,HRV,J5 - CERAMICS AND ALLIED PRODUCTS,10
DOMINICA,DOM,J5 - CERAMICS AND ALLIED PRODUCTS,0
FR GUIANA,GUF,J5 - CERAMICS AND ALLIED PRODUCTS,0
GAMBIA,GMB,J5 - CERAMICS AND ALLIED PRODUCTS,5
GUADELOUPE,GLP,J5 - CERAMICS AND ALLIED PRODUCTS,0
GUINEA,GIN,J5 - CERAMICS AND ALLIED PRODUCTS,12
GUINEA BISSAU,GNB,J5 - CERAMICS AND ALLIED PRODUCTS,0
GUYANA,GUY,J5 - CERAMICS AND ALLIED PRODUCTS,1
IRAQ,IRQ,J5 - CERAMICS AND ALLIED PRODUCTS,88
JAMAICA,JAM,J5 - CERAMICS AND ALLIED PRODUCTS,2
JORDAN,JOR,J5 - CERAMICS AND ALLIED PRODUCTS,47
KAZAKHSTAN,KAZ,J5 - CERAMICS AND ALLIED PRODUCTS,4
KUWAIT,KWT,J5 - CERAMICS AND ALLIED PRODUCTS,66
LIBERIA,LBR,J5 - CERAMICS AND ALLIED PRODUCTS,7
LIBYA,LBY,J5 - CERAMICS AND ALLIED PRODUCTS,32
MACEDONIA,MKD,J5 - CERAMICS AND ALLIED PRODUCTS,0
MADAGASCAR,MDG,J5 - CERAMICS AND ALLIED PRODUCTS,5
MALTA,MLT,J5 - CERAMICS AND ALLIED PRODUCTS,2
MARTINIQUE,MTQ,J5 - CERAMICS AND ALLIED PRODUCTS,0
MAURITANIA,MRT,J5 - CERAMICS AND ALLIED PRODUCTS,4
MAYOTTE,MYT,J5 - CERAMICS AND ALLIED PRODUCTS,1
MICRONESIA,FSM,J5 - CERAMICS AND ALLIED PRODUCTS,0
MOLDOVA,MDA,J5 - CERAMICS AND ALLIED PRODUCTS,0
MONTENEGRO,MNE,J5 - CERAMICS AND ALLIED PRODUCTS,0
MONTSERRAT,MSR,J5 - CERAMICS AND ALLIED PRODUCTS,0
NEW CALEDONIA,NCL,J5 - CERAMICS AND ALLIED PRODUCTS,0
OMAN,OMN,J5 - CERAMICS AND ALLIED PRODUCTS,56
POLAND,POL,J5 - CERAMICS AND ALLIED PRODUCTS,52
QATAR,QAT,J5 - CERAMICS AND ALLIED PRODUCTS,36
ROMANIA,ROU,J5 - CERAMICS AND ALLIED PRODUCTS,24
SAMOA,WSM,J5 - CERAMICS AND ALLIED PRODUCTS,0
SEYCHELLES,SYC,J5 - CERAMICS AND ALLIED PRODUCTS,1
SIERRA LEONE,SLE,J5 - CERAMICS AND ALLIED PRODUCTS,7
SOMALIA,SOM,J5 - CERAMICS AND ALLIED PRODUCTS,15
TAIWAN,TWN,J5 - CERAMICS AND ALLIED PRODUCTS,35
UKRAINE,UKR,J5 - CERAMICS AND ALLIED PRODUCTS,13
VANUATU REP,VUT,J5 - CERAMICS AND ALLIED PRODUCTS,0
VENEZUELA,VEN,J5 - CERAMICS AND ALLIED PRODUCTS,2
YEMEN REPUBLC,YEM,J5 - CERAMICS AND ALLIED PRODUCTS,23
CUBA,CUB,J6 - GLASS AND GLASSWARE,1
LIECHTENSTEIN,LIE,J6 - GLASS AND GLASSWARE,1
RWANDA,RWA,J6 - GLASS AND GLASSWARE,4
BURUNDI,BDI,"J7 - BOOKS, PUBLICATIONS AND PRNTNG",2
ST VINCENT,VCT,"J7 - BOOKS, PUBLICATIONS AND PRNTNG",0
VANUATU REP,VUT,"J7 - BOOKS, PUBLICATIONS AND PRNTNG",0
ALBANIA,ALB,"J9 - PAPER, PAPER BOARD AND PRODUCT",2
ANGOLA,AGO,"J9 - PAPER, PAPER BOARD AND PRODUCT",13
ARMENIA,ARM,"J9 - PAPER, PAPER BOARD AND PRODUCT",0
BERMUDA,BMU,"J9 - PAPER, PAPER BOARD AND PRODUCT",0
CAYMAN IS,CYM,"J9 - PAPER, PAPER BOARD AND PRODUCT",0
DJIBOUTI,DJI,"J9 - PAPER, PAPER BOARD AND PRODUCT",10
ETHIOPIA,ETH,"J9 - PAPER, PAPER BOARD AND PRODUCT",22
FR GUIANA,GUF,"J9 - PAPER, PAPER BOARD AND PRODUCT",0
GABON,GAB,"J9 - PAPER, PAPER BOARD AND PRODUCT",2
GHANA,GHA,"J9 - PAPER, PAPER BOARD AND PRODUCT",31
GREECE,GRC,"J9 - PAPER, PAPER BOARD AND PRODUCT",24
HAITI,HTI,"J9 - PAPER, PAPER BOARD AND PRODUCT",2
JORDAN,JOR,"J9 - PAPER, PAPER BOARD AND PRODUCT",32
KENYA,KEN,"J9 - PAPER, PAPER BOARD AND PRODUCT",90
MARSHALL ISLAND,MHL,"J9 - PAPER, PAPER BOARD AND PRODUCT",0
MONTENEGRO,MNE,"J9 - PAPER, PAPER BOARD AND PRODUCT",0
MONTSERRAT,MSR,"J9 - PAPER, PAPER BOARD AND PRODUCT",0
NAURU RP,NRU,"J9 - PAPER, PAPER BOARD AND PRODUCT",0
NEW ZEALAND,NZL,"J9 - PAPER, PAPER BOARD AND PRODUCT",14
NICARAGUA,NIC,"J9 - PAPER, PAPER BOARD AND PRODUCT",4
NIGERIA,NGA,"J9 - PAPER, PAPER BOARD AND PRODUCT",116
NORFOLK IS,NFK,"J9 - PAPER, PAPER BOARD AND PRODUCT",0
RWANDA,RWA,"J9 - PAPER, PAPER BOARD AND PRODUCT",4
SAUDI ARAB,SAU,"J9 - PAPER, PAPER BOARD AND PRODUCT",163
SIERRA LEONE,SLE,"J9 - PAPER, PAPER BOARD AND PRODUCT",5
SOUTH SUDAN,SSD,"J9 - PAPER, PAPER BOARD AND PRODUCT",1
ST VINCENT,VCT,"J9 - PAPER, PAPER BOARD AND PRODUCT",0
TAJIKISTAN,TJK,"J9 - PAPER, PAPER BOARD AND PRODUCT",0
VENEZUELA,VEN,"J9 - PAPER, PAPER BOARD AND PRODUCT",3
YEMEN REPUBLC,YEM,"J9 - PAPER, PAPER BOARD AND PRODUCT",15
FR POLYNESIA,PYF,K1 - PLYWOOD AND ALLIED PRODUCTS,0
GUADELOUPE,GLP,K1 - PLYWOOD AND ALLIED PRODUCTS,0
MARTINIQUE,MTQ,K1 - PLYWOOD AND ALLIED PRODUCTS,0
MONTSERRAT,MSR,K1 - PLYWOOD AND ALLIED PRODUCTS,0
N. MARIANA IS.,MNP,K1 - PLYWOOD AND ALLIED PRODUCTS,0
REUNION,REU,K1 - PLYWOOD AND ALLIED PRODUCTS,1
BELARUS,BLR,K4 - OPTICAL ITEMS (INCL.LENS ETC),1
CYPRUS,CYP,K4 - OPTICAL ITEMS (INCL.LENS ETC),2
JAMAICA,JAM,K4 - OPTICAL ITEMS (INCL.LENS ETC),2
KAZAKHSTAN,KAZ,K4 - OPTICAL ITEMS (INCL.LENS ETC),2
LUXEMBOURG,LUX,K4 - OPTICAL ITEMS (INCL.LENS ETC),1
TURKMENISTAN,TKM,K4 - OPTICAL ITEMS (INCL.LENS ETC),3
MYANMAR,MMR,"K5 - HUMAN HAIR, PRODUCTS THEREO",170
PARAGUAY,PRY,"K5 - HUMAN HAIR, PRODUCTS THEREO",5
TUNISIA,TUN,"K5 - HUMAN HAIR, PRODUCTS THEREO",12
CAPE VERDE IS,CPV,K6 - MOULDED AND EXTRUDED GOODS,0
CUBA,CUB,K6 - MOULDED AND EXTRUDED GOODS,1
GAMBIA,GMB,K6 - MOULDED AND EXTRUDED GOODS,3
GUINEA BISSAU,GNB,K6 - MOULDED AND EXTRUDED GOODS,0
MALDIVES,MDV,K6 - MOULDED AND EXTRUDED GOODS,8
MICRONESIA,FSM,K6 - MOULDED AND EXTRUDED GOODS,0
MONTSERRAT,MSR,K6 - MOULDED AND EXTRUDED GOODS,0
NICARAGUA,NIC,K6 - MOULDED AND EXTRUDED GOODS,4
PANAMA REPUBLIC,PAN,K6 - MOULDED AND EXTRUDED GOODS,6
SLOVAK REP,SVK,K6 - MOULDED AND EXTRUDED GOODS,4
ARUBA,ABW,K7 - PACKAGING MATERIALS,0
BARBADOS,BRB,K7 - PACKAGING MATERIALS,0
BELIZE,BLZ,K7 - PACKAGING MATERIALS,0
CONGO P REP,COD,K7 - PACKAGING MATERIALS,5
EQUTL GUINEA,GNQ,K7 - PACKAGING MATERIALS,1
FR GUIANA,GUF,K7 - PACKAGING MATERIALS,0
GABON,GAB,K7 - PACKAGING MATERIALS,2
GAMBIA,GMB,K7 - PACKAGING MATERIALS,3
GUADELOUPE,GLP,K7 - PACKAGING MATERIALS,0
GUINEA,GIN,K7 - PACKAGING MATERIALS,8
HAITI,HTI,K7 - PACKAGING MATERIALS,4
LESOTHO,LSO,K7 - PACKAGING MATERIALS,0
LIBERIA,LBR,K7 - PACKAGING MATERIALS,5
MALI,MLI,K7 - PACKAGING MATERIALS,11
MARSHALL ISLAND,MHL,K7 - PACKAGING MATERIALS,0
MARTINIQUE,MTQ,K7 - PACKAGING MATERIALS,0
MAURITANIA,MRT,K7 - PACKAGING MATERIALS,2
MICRONESIA,FSM,K7 - PACKAGING MATERIALS,0
NORFOLK IS,NFK,K7 - PACKAGING MATERIALS,0
PUERTO RICO,PRI,K7 - PACKAGING MATERIALS,7
SAO TOME,STP,K7 - PACKAGING MATERIALS,0
SIERRA LEONE,SLE,K7 - PACKAGING MATERIALS,6
SOLOMON IS,SLB,K7 - PACKAGING MATERIALS,0
ST LUCIA,LCA,K7 - PACKAGING MATERIALS,0
TIMOR LESTE,TLS,K7 - PACKAGING MATERIALS,0
TRINIDAD,TTO,K7 - PACKAGING MATERIALS,2
VANUATU REP,VUT,K7 - PACKAGING MATERIALS,0
ZIMBABWE,ZWE,K7 - PACKAGING MATERIALS,4
ALGERIA,DZA,K8 - PLASTIC RAW MATERIALS,61
ANGOLA,AGO,K8 - PLASTIC RAW MATERIALS,12
BAHARAIN IS,BHR,K8 - PLASTIC RAW MATERIALS,81
BOLIVIA,BOL,K8 - PLASTIC RAW MATERIALS,1
BULGARIA,BGR,K8 - PLASTIC RAW MATERIALS,8
COTE D' IVOIRE,CIV,K8 - PLASTIC RAW MATERIALS,11
CROATIA,HRV,K8 - PLASTIC RAW MATERIALS,6
DJIBOUTI,DJI,K8 - PLASTIC RAW MATERIALS,11
DOMINIC REP,DMA,K8 - PLASTIC RAW MATERIALS,8
ECUADOR,ECU,K8 - PLASTIC RAW MATERIALS,13
EGYPT A RP,EGY,K8 - PLASTIC RAW MATERIALS,98
EQUTL GUINEA,GNQ,K8 - PLASTIC RAW MATERIALS,0
GEORGIA,GEO,K8 - PLASTIC RAW MATERIALS,5
GHANA,GHA,K8 - PLASTIC RAW MATERIALS,77
GREECE,GRC,K8 - PLASTIC RAW MATERIALS,18
HAITI,HTI,K8 - PLASTIC RAW MATERIALS,15
IRAQ,IRQ,K8 - PLASTIC RAW MATERIALS,29
ISRAEL,ISR,K8 - PLASTIC RAW MATERIALS,104
ITALY,ITA,K8 - PLASTIC RAW MATERIALS,221
KENYA,KEN,K8 - PLASTIC RAW MATERIALS,73
LEBANON,LBN,K8 - PLASTIC RAW MATERIALS,9
LIBYA,LBY,K8 - PLASTIC RAW MATERIALS,5
LUXEMBOURG,LUX,K8 - PLASTIC RAW MATERIALS,0
MONTENEGRO,MNE,K8 - PLASTIC RAW MATERIALS,5
MOROCCO,MAR,K8 - PLASTIC RAW MATERIALS,37
MYANMAR,MMR,K8 - PLASTIC RAW MATERIALS,10
NEPAL,NPL,K8 - PLASTIC RAW MATERIALS,210
NIGERIA,NGA,K8 - PLASTIC RAW MATERIALS,125
PARAGUAY,PRY,K8 - PLASTIC RAW MATERIALS,8
PORTUGAL,PRT,K8 - PLASTIC RAW MATERIALS,56
SERBIA,SRB,K8 - PLASTIC RAW MATERIALS,3
SLOVENIA,SVN,K8 - PLASTIC RAW MATERIALS,11
TRINIDAD,TTO,K8 - PLASTIC RAW MATERIALS,3
TUNISIA,TUN,K8 - PLASTIC RAW MATERIALS,34
TURKEY,TUR,K8 - PLASTIC RAW MATERIALS,220
ANGOLA,AGO,"K9 - PLASTC SHT, FILM, PLTS ETC",20
BOTSWANA,BWA,"K9 - PLASTC SHT, FILM, PLTS ETC",1
CAMEROON,CMR,"K9 - PLASTC SHT, FILM, PLTS ETC",10
GHANA,GHA,"K9 - PLASTC SHT, FILM, PLTS ETC",38
LEBANON,LBN,"K9 - PLASTC SHT, FILM, PLTS ETC",9
MALAWI,MWI,"K9 - PLASTC SHT, FILM, PLTS ETC",4
PAPUA N GNA,PNG,"K9 - PLASTC SHT, FILM, PLTS ETC",1
SAMOA,WSM,"K9 - PLASTC SHT, FILM, PLTS ETC",0
SAN MARINO,SMR,"K9 - PLASTC SHT, FILM, PLTS ETC",0
SIERRA LEONE,SLE,"K9 - PLASTC SHT, FILM, PLTS ETC",4
TRINIDAD,TTO,"K9 - PLASTC SHT, FILM, PLTS ETC",6
UKRAINE,UKR,"K9 - PLASTC SHT, FILM, PLTS ETC",12
ZAMBIA,ZMB,"K9 - PLASTC SHT, FILM, PLTS ETC",14
ZIMBABWE,ZWE,"K9 - PLASTC SHT, FILM, PLTS ETC",3
NORFOLK IS,NFK,"L1 - STATIONRY/OFFCE, SCHOOL SUPPLY",0
BERMUDA,BMU,L2 - OTHER PLASTIC ITEMS,0
GIBRALTAR,GIB,L2 - OTHER PLASTIC ITEMS,0
SAMOA,WSM,L2 - OTHER PLASTIC ITEMS,0
SAN MARINO,SMR,L2 - OTHER PLASTIC ITEMS,0
ST KITT N A,KNA,L2 - OTHER PLASTIC ITEMS,0
ST VINCENT,VCT,L2 - OTHER PLASTIC ITEMS,0
ALBANIA,ALB,L3 - IRON AND STEEL,3
ALGERIA,DZA,L3 - IRON AND STEEL,24
ANTIGUA,ATG,L3 - IRON AND STEEL,1
ARGENTINA,ARG,L3 - IRON AND STEEL,88
BAHARAIN IS,BHR,L3 - IRON AND STEEL,42
BANGLADESH PR,BGD,L3 - IRON AND STEEL,430
BARBADOS,BRB,L3 - IRON AND STEEL,4
BELGIUM,BEL,L3 - IRON AND STEEL,1377
BELIZE,BLZ,L3 - IRON AND STEEL,1
BERMUDA,BMU,L3 - IRON AND STEEL,0
BHUTAN,BTN,L3 - IRON AND STEEL,38
BRAZIL,BRA,L3 - IRON AND STEEL,183
BULGARIA,BGR,L3 - IRON AND STEEL,54
CANADA,CAN,L3 - IRON AND STEEL,163
CAPE VERDE IS,CPV,L3 - IRON AND STEEL,1
CHINA P RP,CHN,L3 - IRON AND STEEL,1379
COLOMBIA,COL,L3 - IRON AND STEEL,34
COMOROS,COM,L3 - IRON AND STEEL,1
COSTA RICA,CRI,L3 - IRON AND STEEL,3
CYPRUS,CYP,L3 - IRON AND STEEL,2
DENMARK,DNK,L3 - IRON AND STEEL,43
DJIBOUTI,DJI,L3 - IRON AND STEEL,22
DOMINIC REP,DMA,L3 - IRON AND STEEL,19
ECUADOR,ECU,L3 - IRON AND STEEL,28
EGYPT A RP,EGY,L3 - IRON AND STEEL,441
EL SALVADOR,SLV,L3 - IRON AND STEEL,4
EQUTL GUINEA,GNQ,L3 - IRON AND STEEL,1
ESTONIA,EST,L3 - IRON AND STEEL,2
ETHIOPIA,ETH,L3 - IRON AND STEEL,16
FINLAND,FIN,L3 - IRON AND STEEL,13
GERMANY,DEU,L3 - IRON AND STEEL,246
GREECE,GRC,L3 - IRON AND STEEL,78
GRENADA,GRD,L3 - IRON AND STEEL,0
GUATEMALA,GTM,L3 - IRON AND STEEL,27
GUINEA,GIN,L3 - IRON AND STEEL,12
GUINEA BISSAU,GNB,L3 - IRON AND STEEL,0
GUYANA,GUY,L3 - IRON AND STEEL,13
HONDURAS,HND,L3 - IRON AND STEEL,7
HONG KONG,HKG,L3 - IRON AND STEEL,377
ICELAND,ISL,L3 - IRON AND STEEL,4
INDONESIA,IDN,L3 - IRON AND STEEL,611
IRELAND,IRL,L3 - IRON AND STEEL,16
ISRAEL,ISR,L3 - IRON AND STEEL,56
ITALY,ITA,L3 - IRON AND STEEL,1952
JAMAICA,JAM,L3 - IRON AND STEEL,11
JAPAN,JPN,L3 - IRON AND STEEL,328
JORDAN,JOR,L3 - IRON AND STEEL,36
KENYA,KEN,L3 - IRON AND STEEL,232
KOREA RP,KOR,L3 - IRON AND STEEL,569
KUWAIT,KWT,L3 - IRON AND STEEL,41
LATVIA,LVA,L3 - IRON AND STEEL,17
LIBYA,LBY,L3 - IRON AND STEEL,7
LITHUANIA,LTU,L3 - IRON AND STEEL,7
MACEDONIA,MKD,L3 - IRON AND STEEL,4
MALAYSIA,MYS,L3 - IRON AND STEEL,204
MALDIVES,MDV,L3 - IRON AND STEEL,12
MEXICO,MEX,L3 - IRON AND STEEL,220
MONTENEGRO,MNE,L3 - IRON AND STEEL,2
MYANMAR,MMR,L3 - IRON AND STEEL,18
NEPAL,NPL,L3 - IRON AND STEEL,1247
NETHERLAND,NLD,L3 - IRON AND STEEL,316
NEW CALEDONIA,NCL,L3 - IRON AND STEEL,1
NICARAGUA,NIC,L3 - IRON AND STEEL,4
OMAN,OMN,L3 - IRON AND STEEL,212
PARAGUAY,PRY,L3 - IRON AND STEEL,55
PERU,PER,L3 - IRON AND STEEL,65
PHILIPPINES,PHL,L3 - IRON AND STEEL,206
POLAND,POL,L3 - IRON AND STEEL,415
PORTUGAL,PRT,L3 - IRON AND STEEL,155
QATAR,QAT,L3 - IRON AND STEEL,94
REUNION,REU,L3 - IRON AND STEEL,2
ROMANIA,ROU,L3 - IRON AND STEEL,117
RUSSIA,RUS,L3 - IRON AND STEEL,239
SAO TOME,STP,L3 - IRON AND STEEL,0
SAUDI ARAB,SAU,L3 - IRON AND STEEL,241
SEYCHELLES,SYC,L3 - IRON AND STEEL,1
SINGAPORE,SGP,L3 - IRON AND STEEL,281
SLOVENIA,SVN,L3 - IRON AND STEEL,23
SOUTH AFRICA,ZAF,L3 - IRON AND STEEL,254
SPAIN,ESP,L3 - IRON AND STEEL,495
SRI LANKA DSR,LKA,L3 - IRON AND STEEL,381
ST LUCIA,LCA,L3 - IRON AND STEEL,1
SWEDEN,SWE,L3 - IRON AND STEEL,24
SWITZERLAND,CHE,L3 - IRON AND STEEL,211
TAIWAN,TWN,L3 - IRON AND STEEL,553
TANZANIA REP,TZA,L3 - IRON AND STEEL,52
THAILAND,THA,L3 - IRON AND STEEL,368
TRINIDAD,TTO,L3 - IRON AND STEEL,20
TUNISIA,TUN,L3 - IRON AND STEEL,49
TURKEY,TUR,L3 - IRON AND STEEL,1001
U ARAB EMTS,ARE,L3 - IRON AND STEEL,1466
UNITED KINGDOM,GBR,L3 - IRON AND STEEL,318
UKRAINE,UKR,L3 - IRON AND STEEL,24
URUGUAY,URY,L3 - IRON AND STEEL,23
VENEZUELA,VEN,L3 - IRON AND STEEL,9
VIETNAM SOC REP,VNM,L3 - IRON AND STEEL,1388
ZAMBIA,ZMB,L3 - IRON AND STEEL,5
AUSTRALIA,AUS,L4 - PRODUCTS OF IRON AND STEEL,186
AUSTRIA,AUT,L4 - PRODUCTS OF IRON AND STEEL,17
BAHARAIN IS,BHR,L4 - PRODUCTS OF IRON AND STEEL,26
BARBADOS,BRB,L4 - PRODUCTS OF IRON AND STEEL,0
BELGIUM,BEL,L4 - PRODUCTS OF IRON AND STEEL,173
BHUTAN,BTN,L4 - PRODUCTS OF IRON AND STEEL,22
BOLIVIA,BOL,L4 - PRODUCTS OF IRON AND STEEL,1
BOTSWANA,BWA,L4 - PRODUCTS OF IRON AND STEEL,1
BULGARIA,BGR,L4 - PRODUCTS OF IRON AND STEEL,6
BURKINA FASO,BFA,L4 - PRODUCTS OF IRON AND STEEL,7
C AFRI REP,CAF,L4 - PRODUCTS OF IRON AND STEEL,1
CANADA,CAN,L4 - PRODUCTS OF IRON AND STEEL,224
CONGO D. REP.,COG,L4 - PRODUCTS OF IRON AND STEEL,12
CONGO P REP,COD,L4 - PRODUCTS OF IRON AND STEEL,5
COTE D' IVOIRE,CIV,L4 - PRODUCTS OF IRON AND STEEL,18
CYPRUS,CYP,L4 - PRODUCTS OF IRON AND STEEL,4
CZECH REPUBLIC,CZE,L4 - PRODUCTS OF IRON AND STEEL,51
DENMARK,DNK,L4 - PRODUCTS OF IRON AND STEEL,37
ERITREA,ERI,L4 - PRODUCTS OF IRON AND STEEL,0
ESTONIA,EST,L4 - PRODUCTS OF IRON AND STEEL,5
ETHIOPIA,ETH,L4 - PRODUCTS OF IRON AND STEEL,13
FINLAND,FIN,L4 - PRODUCTS OF IRON AND STEEL,32
FR GUIANA,GUF,L4 - PRODUCTS OF IRON AND STEEL,1
FR POLYNESIA,PYF,L4 - PRODUCTS OF IRON AND STEEL,0
FRANCE,FRA,L4 - PRODUCTS OF IRON AND STEEL,140
GABON,GAB,L4 - PRODUCTS OF IRON AND STEEL,2
GEORGIA,GEO,L4 - PRODUCTS OF IRON AND STEEL,15
GERMANY,DEU,L4 - PRODUCTS OF IRON AND STEEL,415
GHANA,GHA,L4 - PRODUCTS OF IRON AND STEEL,55
GREECE,GRC,L4 - PRODUCTS OF IRON AND STEEL,15
GRENADA,GRD,L4 - PRODUCTS OF IRON AND STEEL,1
GUADELOUPE,GLP,L4 - PRODUCTS OF IRON AND STEEL,0
GUINEA BISSAU,GNB,L4 - PRODUCTS OF IRON AND STEEL,0
GUYANA,GUY,L4 - PRODUCTS OF IRON AND STEEL,1
HAITI,HTI,L4 - PRODUCTS OF IRON AND STEEL,2
HONDURAS,HND,L4 - PRODUCTS OF IRON AND STEEL,8
HUNGARY,HUN,L4 - PRODUCTS OF IRON AND STEEL,15
IRELAND,IRL,L4 - PRODUCTS OF IRON AND STEEL,32
ITALY,ITA,L4 - PRODUCTS OF IRON AND STEEL,242
KUWAIT,KWT,L4 - PRODUCTS OF IRON AND STEEL,36
LAO PD RP,LAO,L4 - PRODUCTS OF IRON AND STEEL,1
LATVIA,LVA,L4 - PRODUCTS OF IRON AND STEEL,3
LIBERIA,LBR,L4 - PRODUCTS OF IRON AND STEEL,4
LIECHTENSTEIN,LIE,L4 - PRODUCTS OF IRON AND STEEL,0
LUXEMBOURG,LUX,L4 - PRODUCTS OF IRON AND STEEL,0
MALI,MLI,L4 - PRODUCTS OF IRON AND STEEL,9
MALTA,MLT,L4 - PRODUCTS OF IRON AND STEEL,3
MARTINIQUE,MTQ,L4 - PRODUCTS OF IRON AND STEEL,2
MAURITIUS,MUS,L4 - PRODUCTS OF IRON AND STEEL,27
MOZAMBIQUE,MOZ,L4 - PRODUCTS OF IRON AND STEEL,16
MYANMAR,MMR,L4 - PRODUCTS OF IRON AND STEEL,12
NAMIBIA,NAM,L4 - PRODUCTS OF IRON AND STEEL,4
NETHERLAND,NLD,L4 - PRODUCTS OF IRON AND STEEL,269
NEW ZEALAND,NZL,L4 - PRODUCTS OF IRON AND STEEL,16
NIGER,NER,L4 - PRODUCTS OF IRON AND STEEL,1
NORWAY,NOR,L4 - PRODUCTS OF IRON AND STEEL,14
OMAN,OMN,L4 - PRODUCTS OF IRON AND STEEL,115
PAPUA N GNA,PNG,L4 - PRODUCTS OF IRON AND STEEL,5
POLAND,POL,L4 - PRODUCTS OF IRON AND STEEL,92
PUERTO RICO,PRI,L4 - PRODUCTS OF IRON AND STEEL,19
QATAR,QAT,L4 - PRODUCTS OF IRON AND STEEL,126
REUNION,REU,L4 - PRODUCTS OF IRON AND STEEL,4
ROMANIA,ROU,L4 - PRODUCTS OF IRON AND STEEL,20
SAN MARINO,SMR,L4 - PRODUCTS OF IRON AND STEEL,0
SAUDI ARAB,SAU,L4 - PRODUCTS OF IRON AND STEEL,184
SENEGAL,SEN,L4 - PRODUCTS OF IRON AND STEEL,22
SEYCHELLES,SYC,L4 - PRODUCTS OF IRON AND STEEL,3
SPAIN,ESP,L4 - PRODUCTS OF IRON AND STEEL,144
ST LUCIA,LCA,L4 - PRODUCTS OF IRON AND STEEL,0
SWEDEN,SWE,L4 - PRODUCTS OF IRON AND STEEL,47
TAJIKISTAN,TJK,L4 - PRODUCTS OF IRON AND STEEL,1
TANZANIA REP,TZA,L4 - PRODUCTS OF IRON AND STEEL,55
TOGO,TGO,L4 - PRODUCTS OF IRON AND STEEL,16
TRINIDAD,TTO,L4 - PRODUCTS OF IRON AND STEEL,5
TURKMENISTAN,TKM,L4 - PRODUCTS OF IRON AND STEEL,1
UNITED KINGDOM,GBR,L4 - PRODUCTS OF IRON AND STEEL,387
UNITED STATES OF AMERICA,USA,L4 - PRODUCTS OF IRON AND STEEL,2360
UGANDA,UGA,L4 - PRODUCTS OF IRON AND STEEL,14
ZAMBIA,ZMB,L4 - PRODUCTS OF IRON AND STEEL,6
BENIN,BEN,"L5 - ALUMINIUM, PRODUCTS OF ALUMINM",4
BRAZIL,BRA,"L5 - ALUMINIUM, PRODUCTS OF ALUMINM",199
BULGARIA,BGR,"L5 - ALUMINIUM, PRODUCTS OF ALUMINM",19
CHINA P RP,CHN,"L5 - ALUMINIUM, PRODUCTS OF ALUMINM",1227
CONGO P REP,COD,"L5 - ALUMINIUM, PRODUCTS OF ALUMINM",4
CROATIA,HRV,"L5 - ALUMINIUM, PRODUCTS OF ALUMINM",290
ECUADOR,ECU,"L5 - ALUMINIUM, PRODUCTS OF ALUMINM",15
GABON,GAB,"L5 - ALUMINIUM, PRODUCTS OF ALUMINM",4
GEORGIA,GEO,"L5 - ALUMINIUM, PRODUCTS OF ALUMINM",14
GREECE,GRC,"L5 - ALUMINIUM, PRODUCTS OF ALUMINM",370
HONDURAS,HND,"L5 - ALUMINIUM, PRODUCTS OF ALUMINM",10
ISRAEL,ISR,"L5 - ALUMINIUM, PRODUCTS OF ALUMINM",83
ITALY,ITA,"L5 - ALUMINIUM, PRODUCTS OF ALUMINM",442
JAPAN,JPN,"L5 - ALUMINIUM, PRODUCTS OF ALUMINM",292
KOREA RP,KOR,"L5 - ALUMINIUM, PRODUCTS OF ALUMINM",1369
MALAYSIA,MYS,"L5 - ALUMINIUM, PRODUCTS OF ALUMINM",173
MAYOTTE,MYT,"L5 - ALUMINIUM, PRODUCTS OF ALUMINM",0
MEXICO,MEX,"L5 - ALUMINIUM, PRODUCTS OF ALUMINM",391
MOROCCO,MAR,"L5 - ALUMINIUM, PRODUCTS OF ALUMINM",24
MOZAMBIQUE,MOZ,"L5 - ALUMINIUM, PRODUCTS OF ALUMINM",19
NAMIBIA,NAM,"L5 - ALUMINIUM, PRODUCTS OF ALUMINM",4
NETHERLAND,NLD,"L5 - ALUMINIUM, PRODUCTS OF ALUMINM",348
PARAGUAY,PRY,"L5 - ALUMINIUM, PRODUCTS OF ALUMINM",9
SERBIA,SRB,"L5 - ALUMINIUM, PRODUCTS OF ALUMINM",2
SPAIN,ESP,"L5 - ALUMINIUM, PRODUCTS OF ALUMINM",224
TAIWAN,TWN,"L5 - ALUMINIUM, PRODUCTS OF ALUMINM",202
THAILAND,THA,"L5 - ALUMINIUM, PRODUCTS OF ALUMINM",164
TOGO,TGO,"L5 - ALUMINIUM, PRODUCTS OF ALUMINM",9
TURKEY,TUR,"L5 - ALUMINIUM, PRODUCTS OF ALUMINM",891
TURKMENISTAN,TKM,"L5 - ALUMINIUM, PRODUCTS OF ALUMINM",9
VIETNAM SOC REP,VNM,"L5 - ALUMINIUM, PRODUCTS OF ALUMINM",248
VIRGIN IS US,VIR,"L5 - ALUMINIUM, PRODUCTS OF ALUMINM",0
CHINA P RP,CHN,L6 - COPPER AND PRDCTS MADE OF COPR,1110
QATAR,QAT,L6 - COPPER AND PRDCTS MADE OF COPR,90
ZAMBIA,ZMB,L6 - COPPER AND PRDCTS MADE OF COPR,6
KOREA RP,KOR,L7 - LEAD AND PRODUCTS MADE OF LED,283
SINGAPORE,SGP,M1 - ZINC AND PRODUCTS MADE OF ZINC,118
TAIWAN,TWN,M1 - ZINC AND PRODUCTS MADE OF ZINC,154
ESTONIA,EST,M2 - OTH NON FEROUS METAL AND PRODC,2
ALGERIA,DZA,M3 - AUTO COMPONENTS/PARTS,18
AUSTRIA,AUT,M3 - AUTO COMPONENTS/PARTS,18
BARBADOS,BRB,M3 - AUTO COMPONENTS/PARTS,0
BERMUDA,BMU,M3 - AUTO COMPONENTS/PARTS,0
BRAZIL,BRA,M3 - AUTO COMPONENTS/PARTS,273
BURUNDI,BDI,M3 - AUTO COMPONENTS/PARTS,2
CANADA,CAN,M3 - AUTO COMPONENTS/PARTS,82
CHILE,CHL,M3 - AUTO COMPONENTS/PARTS,21
COLOMBIA,COL,M3 - AUTO COMPONENTS/PARTS,46
CZECH REPUBLIC,CZE,M3 - AUTO COMPONENTS/PARTS,50
ECUADOR,ECU,M3 - AUTO COMPONENTS/PARTS,14
EGYPT A RP,EGY,M3 - AUTO COMPONENTS/PARTS,88
GERMANY,DEU,M3 - AUTO COMPONENTS/PARTS,325
GUATEMALA,GTM,M3 - AUTO COMPONENTS/PARTS,12
GUINEA,GIN,M3 - AUTO COMPONENTS/PARTS,8
HUNGARY,HUN,M3 - AUTO COMPONENTS/PARTS,22
ITALY,ITA,M3 - AUTO COMPONENTS/PARTS,209
KOREA DP RP,PRK,M3 - AUTO COMPONENTS/PARTS,0
LATVIA,LVA,M3 - AUTO COMPONENTS/PARTS,3
LIECHTENSTEIN,LIE,M3 - AUTO COMPONENTS/PARTS,0
MEXICO,MEX,M3 - AUTO COMPONENTS/PARTS,292
MOROCCO,MAR,M3 - AUTO COMPONENTS/PARTS,16
PERU,PER,M3 - AUTO COMPONENTS/PARTS,19
PHILIPPINES,PHL,M3 - AUTO COMPONENTS/PARTS,60
ROMANIA,ROU,M3 - AUTO COMPONENTS/PARTS,39
RUSSIA,RUS,M3 - AUTO COMPONENTS/PARTS,106
SLOVAK REP,SVK,M3 - AUTO COMPONENTS/PARTS,17
SLOVENIA,SVN,M3 - AUTO COMPONENTS/PARTS,28
SOMALIA,SOM,M3 - AUTO COMPONENTS/PARTS,9
SOUTH AFRICA,ZAF,M3 - AUTO COMPONENTS/PARTS,75
SPAIN,ESP,M3 - AUTO COMPONENTS/PARTS,131
SUDAN,SDN,M3 - AUTO COMPONENTS/PARTS,14
SWEDEN,SWE,M3 - AUTO COMPONENTS/PARTS,57
THAILAND,THA,M3 - AUTO COMPONENTS/PARTS,195
TURKEY,TUR,M3 - AUTO COMPONENTS/PARTS,319
UNITED STATES OF AMERICA,USA,M3 - AUTO COMPONENTS/PARTS,1509
UZBEKISTAN,UZB,M3 - AUTO COMPONENTS/PARTS,7
VIETNAM SOC REP,VNM,M3 - AUTO COMPONENTS/PARTS,219
LEBANON,LBN,M5 - ACCUMULATORS AND BATTERIES,43
VIRGIN IS US,VIR,"M6 - HND TOOL, CTTNG TOOL OF METALS",0
BOTSWANA,BWA,M7 - MACHINE TOOLS,2
ANGUILLA,AIA,M8 - MEDICAL AND SCIENTIFIC INSTRUM,0
ARUBA,ABW,M8 - MEDICAL AND SCIENTIFIC INSTRUM,1
BAHAMAS,BHS,M8 - MEDICAL AND SCIENTIFIC INSTRUM,0
BOSNIA-HRZGOVIN,BIH,M8 - MEDICAL AND SCIENTIFIC INSTRUM,0
CAYMAN IS,CYM,M8 - MEDICAL AND SCIENTIFIC INSTRUM,1
COSTA RICA,CRI,M8 - MEDICAL AND SCIENTIFIC INSTRUM,7
CUBA,CUB,M8 - MEDICAL AND SCIENTIFIC INSTRUM,0
ERITREA,ERI,M8 - MEDICAL AND SCIENTIFIC INSTRUM,0
GEORGIA,GEO,M8 - MEDICAL AND SCIENTIFIC INSTRUM,3
GIBRALTAR,GIB,M8 - MEDICAL AND SCIENTIFIC INSTRUM,0
GRENADA,GRD,M8 - MEDICAL AND SCIENTIFIC INSTRUM,0
IRELAND,IRL,M8 - MEDICAL AND SCIENTIFIC INSTRUM,21
KAZAKHSTAN,KAZ,M8 - MEDICAL AND SCIENTIFIC INSTRUM,3
KIRIBATI REP,KIR,M8 - MEDICAL AND SCIENTIFIC INSTRUM,0
LAO PD RP,LAO,M8 - MEDICAL AND SCIENTIFIC INSTRUM,0
MACAO,MAC,M8 - MEDICAL AND SCIENTIFIC INSTRUM,0
MICRONESIA,FSM,M8 - MEDICAL AND SCIENTIFIC INSTRUM,0
MOLDOVA,MDA,M8 - MEDICAL AND SCIENTIFIC INSTRUM,0
PAPUA N GNA,PNG,M8 - MEDICAL AND SCIENTIFIC INSTRUM,1
PUERTO RICO,PRI,M8 - MEDICAL AND SCIENTIFIC INSTRUM,4
ST KITT N A,KNA,M8 - MEDICAL AND SCIENTIFIC INSTRUM,0
SWAZILAND,SWZ,M8 - MEDICAL AND SCIENTIFIC INSTRUM,0
TAJIKISTAN,TJK,M8 - MEDICAL AND SCIENTIFIC INSTRUM,0
TIMOR LESTE,TLS,M8 - MEDICAL AND SCIENTIFIC INSTRUM,0
VANUATU REP,VUT,M8 - MEDICAL AND SCIENTIFIC INSTRUM,0
BAHAMAS,BHS,M9 - OFFICE EQUIPMENTS,0
BOLIVIA,BOL,M9 - OFFICE EQUIPMENTS,1
TURKS C IS,TCA,M9 - OFFICE EQUIPMENTS,0
BOSNIA-HRZGOVIN,BIH,"N1 - AC, REFRIGERATION MACHNRY ETC",2
BRUNEI,BRN,"N1 - AC, REFRIGERATION MACHNRY ETC",1
LUXEMBOURG,LUX,"N1 - AC, REFRIGERATION MACHNRY ETC",0
MACAO,MAC,"N1 - AC, REFRIGERATION MACHNRY ETC",0
NEW CALEDONIA,NCL,"N1 - AC, REFRIGERATION MACHNRY ETC",1
SAO TOME,STP,"N1 - AC, REFRIGERATION MACHNRY ETC",0
TONGA,TON,"N1 - AC, REFRIGERATION MACHNRY ETC",0
VIRGIN IS US,VIR,"N1 - AC, REFRIGERATION MACHNRY ETC",0
BERMUDA,BMU,N2 - BICYCLE AND PARTS,0
BURKINA FASO,BFA,N2 - BICYCLE AND PARTS,14
BURUNDI,BDI,N2 - BICYCLE AND PARTS,2
CHAD,TCD,N2 - BICYCLE AND PARTS,3
MALAWI,MWI,N2 - BICYCLE AND PARTS,7
MALI,MLI,N2 - BICYCLE AND PARTS,7
MOZAMBIQUE,MOZ,N2 - BICYCLE AND PARTS,14
ZAMBIA,ZMB,N2 - BICYCLE AND PARTS,6
LAO PD RP,LAO,"N3 - CRANES, LIFTS AND WINCHES",0
N. MARIANA IS.,MNP,"N3 - CRANES, LIFTS AND WINCHES",0
ALBANIA,ALB,N4 - ELECTRIC MACHINERY AND EQUIPME,2
ARUBA,ABW,N4 - ELECTRIC MACHINERY AND EQUIPME,0
AUSTRALIA,AUS,N4 - ELECTRIC MACHINERY AND EQUIPME,112
AUSTRIA,AUT,N4 - ELECTRIC MACHINERY AND EQUIPME,38
BHUTAN,BTN,N4 - ELECTRIC MACHINERY AND EQUIPME,40
BOSNIA-HRZGOVIN,BIH,N4 - ELECTRIC MACHINERY AND EQUIPME,3
BURUNDI,BDI,N4 - ELECTRIC MACHINERY AND EQUIPME,6
C AFRI REP,CAF,N4 - ELECTRIC MACHINERY AND EQUIPME,1
CHILE,CHL,N4 - ELECTRIC MACHINERY AND EQUIPME,30
CONGO D. REP.,COG,N4 - ELECTRIC MACHINERY AND EQUIPME,14
COTE D' IVOIRE,CIV,N4 - ELECTRIC MACHINERY AND EQUIPME,14
CZECH REPUBLIC,CZE,N4 - ELECTRIC MACHINERY AND EQUIPME,41
DENMARK,DNK,N4 - ELECTRIC MACHINERY AND EQUIPME,54
DOMINICA,DOM,N4 - ELECTRIC MACHINERY AND EQUIPME,0
ESTONIA,EST,N4 - ELECTRIC MACHINERY AND EQUIPME,5
FIJI IS,FJI,N4 - ELECTRIC MACHINERY AND EQUIPME,2
FINLAND,FIN,N4 - ELECTRIC MACHINERY AND EQUIPME,30
FRANCE,FRA,N4 - ELECTRIC MACHINERY AND EQUIPME,426
GAMBIA,GMB,N4 - ELECTRIC MACHINERY AND EQUIPME,5
GEORGIA,GEO,N4 - ELECTRIC MACHINERY AND EQUIPME,3
GERMANY,DEU,N4 - ELECTRIC MACHINERY AND EQUIPME,581
HUNGARY,HUN,N4 - ELECTRIC MACHINERY AND EQUIPME,59
ICELAND,ISL,N4 - ELECTRIC MACHINERY AND EQUIPME,0
IRAQ,IRQ,N4 - ELECTRIC MACHINERY AND EQUIPME,35
IRELAND,IRL,N4 - ELECTRIC MACHINERY AND EQUIPME,21
JAPAN,JPN,N4 - ELECTRIC MACHINERY AND EQUIPME,263
KOREA DP RP,PRK,N4 - ELECTRIC MACHINERY AND EQUIPME,0
LAO PD RP,LAO,N4 - ELECTRIC MACHINERY AND EQUIPME,0
LIBERIA,LBR,N4 - ELECTRIC MACHINERY AND EQUIPME,5
LITHUANIA,LTU,N4 - ELECTRIC MACHINERY AND EQUIPME,10
LUXEMBOURG,LUX,N4 - ELECTRIC MACHINERY AND EQUIPME,5
MALTA,MLT,N4 - ELECTRIC MACHINERY AND EQUIPME,2
MAURITIUS,MUS,N4 - ELECTRIC MACHINERY AND EQUIPME,10
MEXICO,MEX,N4 - ELECTRIC MACHINERY AND EQUIPME,91
MONTSERRAT,MSR,N4 - ELECTRIC MACHINERY AND EQUIPME,0
MYANMAR,MMR,N4 - ELECTRIC MACHINERY AND EQUIPME,11
NAURU RP,NRU,N4 - ELECTRIC MACHINERY AND EQUIPME,0
NEPAL,NPL,N4 - ELECTRIC MACHINERY AND EQUIPME,156
NEW ZEALAND,NZL,N4 - ELECTRIC MACHINERY AND EQUIPME,13
NICARAGUA,NIC,N4 - ELECTRIC MACHINERY AND EQUIPME,3
NIGERIA,NGA,N4 - ELECTRIC MACHINERY AND EQUIPME,161
NORFOLK IS,NFK,N4 - ELECTRIC MACHINERY AND EQUIPME,0
NORWAY,NOR,N4 - ELECTRIC MACHINERY AND EQUIPME,14
POLAND,POL,N4 - ELECTRIC MACHINERY AND EQUIPME,510
ROMANIA,ROU,N4 - ELECTRIC MACHINERY AND EQUIPME,43
SERBIA,SRB,N4 - ELECTRIC MACHINERY AND EQUIPME,5
SEYCHELLES,SYC,N4 - ELECTRIC MACHINERY AND EQUIPME,1
SIERRA LEONE,SLE,N4 - ELECTRIC MACHINERY AND EQUIPME,6
SINGAPORE,SGP,N4 - ELECTRIC MACHINERY AND EQUIPME,392
SLOVAK REP,SVK,N4 - ELECTRIC MACHINERY AND EQUIPME,20
SLOVENIA,SVN,N4 - ELECTRIC MACHINERY AND EQUIPME,28
SURINAME,SUR,N4 - ELECTRIC MACHINERY AND EQUIPME,1
SWEDEN,SWE,N4 - ELECTRIC MACHINERY AND EQUIPME,44
TAJIKISTAN,TJK,N4 - ELECTRIC MACHINERY AND EQUIPME,3
TANZANIA REP,TZA,N4 - ELECTRIC MACHINERY AND EQUIPME,47
TOGO,TGO,N4 - ELECTRIC MACHINERY AND EQUIPME,7
TONGA,TON,N4 - ELECTRIC MACHINERY AND EQUIPME,1
TRINIDAD,TTO,N4 - ELECTRIC MACHINERY AND EQUIPME,3
TURKMENISTAN,TKM,N4 - ELECTRIC MACHINERY AND EQUIPME,26
UNITED KINGDOM,GBR,N4 - ELECTRIC MACHINERY AND EQUIPME,456
UNITED STATES OF AMERICA,USA,N4 - ELECTRIC MACHINERY AND EQUIPME,2719
UGANDA,UGA,N4 - ELECTRIC MACHINERY AND EQUIPME,12
ZAMBIA,ZMB,N4 - ELECTRIC MACHINERY AND EQUIPME,9
ZIMBABWE,ZWE,N4 - ELECTRIC MACHINERY AND EQUIPME,2
GUAM,GUM,N5 - IC ENGINES AND PARTS,0
LEBANON,LBN,N5 - IC ENGINES AND PARTS,15
SLOVAK REP,SVK,N5 - IC ENGINES AND PARTS,6
THAILAND,THA,N5 - IC ENGINES AND PARTS,591
ALBANIA,ALB,N6 - INDL. MACHNRY FOR DAIRY ETC,1
ALGERIA,DZA,N6 - INDL. MACHNRY FOR DAIRY ETC,25
ANGOLA,AGO,N6 - INDL. MACHNRY FOR DAIRY ETC,13
ANGUILLA,AIA,N6 - INDL. MACHNRY FOR DAIRY ETC,0
ANTIGUA,ATG,N6 - INDL. MACHNRY FOR DAIRY ETC,0
ARMENIA,ARM,N6 - INDL. MACHNRY FOR DAIRY ETC,1
AUSTRIA,AUT,N6 - INDL. MACHNRY FOR DAIRY ETC,38
AZERBAIJAN,AZE,N6 - INDL. MACHNRY FOR DAIRY ETC,1
BELARUS,BLR,N6 - INDL. MACHNRY FOR DAIRY ETC,1
BELIZE,BLZ,N6 - INDL. MACHNRY FOR DAIRY ETC,0
BENIN,BEN,N6 - INDL. MACHNRY FOR DAIRY ETC,19
BOLIVIA,BOL,N6 - INDL. MACHNRY FOR DAIRY ETC,1
BOTSWANA,BWA,N6 - INDL. MACHNRY FOR DAIRY ETC,3
BRAZIL,BRA,N6 - INDL. MACHNRY FOR DAIRY ETC,199
BURKINA FASO,BFA,N6 - INDL. MACHNRY FOR DAIRY ETC,5
BURUNDI,BDI,N6 - INDL. MACHNRY FOR DAIRY ETC,3
C AFRI REP,CAF,N6 - INDL. MACHNRY FOR DAIRY ETC,0
CAMBODIA,KHM,N6 - INDL. MACHNRY FOR DAIRY ETC,11
CAMEROON,CMR,N6 - INDL. MACHNRY FOR DAIRY ETC,8
CHAD,TCD,N6 - INDL. MACHNRY FOR DAIRY ETC,1
CHILE,CHL,N6 - INDL. MACHNRY FOR DAIRY ETC,21
CONGO D. REP.,COG,N6 - INDL. MACHNRY FOR DAIRY ETC,11
CONGO P REP,COD,N6 - INDL. MACHNRY FOR DAIRY ETC,4
COSTA RICA,CRI,N6 - INDL. MACHNRY FOR DAIRY ETC,7
COTE D' IVOIRE,CIV,N6 - INDL. MACHNRY FOR DAIRY ETC,13
CUBA,CUB,N6 - INDL. MACHNRY FOR DAIRY ETC,1
CZECH REPUBLIC,CZE,N6 - INDL. MACHNRY FOR DAIRY ETC,25
EL SALVADOR,SLV,N6 - INDL. MACHNRY FOR DAIRY ETC,2
ETHIOPIA,ETH,N6 - INDL. MACHNRY FOR DAIRY ETC,31
FIJI IS,FJI,N6 - INDL. MACHNRY FOR DAIRY ETC,3
FR GUIANA,GUF,N6 - INDL. MACHNRY FOR DAIRY ETC,0
GABON,GAB,N6 - INDL. MACHNRY FOR DAIRY ETC,2
GEORGIA,GEO,N6 - INDL. MACHNRY FOR DAIRY ETC,10
GERMANY,DEU,N6 - INDL. MACHNRY FOR DAIRY ETC,371
GHANA,GHA,N6 - INDL. MACHNRY FOR DAIRY ETC,48
GUADELOUPE,GLP,N6 - INDL. MACHNRY FOR DAIRY ETC,0
GUATEMALA,GTM,N6 - INDL. MACHNRY FOR DAIRY ETC,12
GUINEA,GIN,N6 - INDL. MACHNRY FOR DAIRY ETC,13
GUINEA BISSAU,GNB,N6 - INDL. MACHNRY FOR DAIRY ETC,0
GUYANA,GUY,N6 - INDL. MACHNRY FOR DAIRY ETC,4
HONDURAS,HND,N6 - INDL. MACHNRY FOR DAIRY ETC,10
HUNGARY,HUN,N6 - INDL. MACHNRY FOR DAIRY ETC,25
ICELAND,ISL,N6 - INDL. MACHNRY FOR DAIRY ETC,1
INDONESIA,IDN,N6 - INDL. MACHNRY FOR DAIRY ETC,146
JAMAICA,JAM,N6 - INDL. MACHNRY FOR DAIRY ETC,1
KENYA,KEN,N6 - INDL. MACHNRY FOR DAIRY ETC,133
KOREA DP RP,PRK,N6 - INDL. MACHNRY FOR DAIRY ETC,0
LAO PD RP,LAO,N6 - INDL. MACHNRY FOR DAIRY ETC,1
LATVIA,LVA,N6 - INDL. MACHNRY FOR DAIRY ETC,3
LESOTHO,LSO,N6 - INDL. MACHNRY FOR DAIRY ETC,0
LIBERIA,LBR,N6 - INDL. MACHNRY FOR DAIRY ETC,4
LITHUANIA,LTU,N6 - INDL. MACHNRY FOR DAIRY ETC,7
LUXEMBOURG,LUX,N6 - INDL. MACHNRY FOR DAIRY ETC,1
MACAO,MAC,N6 - INDL. MACHNRY FOR DAIRY ETC,0
MACEDONIA,MKD,N6 - INDL. MACHNRY FOR DAIRY ETC,3
MALAWI,MWI,N6 - INDL. MACHNRY FOR DAIRY ETC,13
MALI,MLI,N6 - INDL. MACHNRY FOR DAIRY ETC,14
MARSHALL ISLAND,MHL,N6 - INDL. MACHNRY FOR DAIRY ETC,0
MAURITANIA,MRT,N6 - INDL. MACHNRY FOR DAIRY ETC,3
MEXICO,MEX,N6 - INDL. MACHNRY FOR DAIRY ETC,145
MOLDOVA,MDA,N6 - INDL. MACHNRY FOR DAIRY ETC,1
MONTENEGRO,MNE,N6 - INDL. MACHNRY FOR DAIRY ETC,4
MONTSERRAT,MSR,N6 - INDL. MACHNRY FOR DAIRY ETC,0
MOZAMBIQUE,MOZ,N6 - INDL. MACHNRY FOR DAIRY ETC,19
MYANMAR,MMR,N6 - INDL. MACHNRY FOR DAIRY ETC,20
NAMIBIA,NAM,N6 - INDL. MACHNRY FOR DAIRY ETC,1
NEPAL,NPL,N6 - INDL. MACHNRY FOR DAIRY ETC,304
NEW CALEDONIA,NCL,N6 - INDL. MACHNRY FOR DAIRY ETC,1
NICARAGUA,NIC,N6 - INDL. MACHNRY FOR DAIRY ETC,4
NIGER,NER,N6 - INDL. MACHNRY FOR DAIRY ETC,2
NIGERIA,NGA,N6 - INDL. MACHNRY FOR DAIRY ETC,169
PAPUA N GNA,PNG,N6 - INDL. MACHNRY FOR DAIRY ETC,1
PARAGUAY,PRY,N6 - INDL. MACHNRY FOR DAIRY ETC,5
PHILIPPINES,PHL,N6 - INDL. MACHNRY FOR DAIRY ETC,41
POLAND,POL,N6 - INDL. MACHNRY FOR DAIRY ETC,61
PORTUGAL,PRT,N6 - INDL. MACHNRY FOR DAIRY ETC,26
ROMANIA,ROU,N6 - INDL. MACHNRY FOR DAIRY ETC,13
RUSSIA,RUS,N6 - INDL. MACHNRY FOR DAIRY ETC,65
RWANDA,RWA,N6 - INDL. MACHNRY FOR DAIRY ETC,4
SERBIA,SRB,N6 - INDL. MACHNRY FOR DAIRY ETC,9
SINGAPORE,SGP,N6 - INDL. MACHNRY FOR DAIRY ETC,306
SLOVENIA,SVN,N6 - INDL. MACHNRY FOR DAIRY ETC,10
SOLOMON IS,SLB,N6 - INDL. MACHNRY FOR DAIRY ETC,0
SOUTH AFRICA,ZAF,N6 - INDL. MACHNRY FOR DAIRY ETC,121
SRI LANKA DSR,LKA,N6 - INDL. MACHNRY FOR DAIRY ETC,145
ST KITT N A,KNA,N6 - INDL. MACHNRY FOR DAIRY ETC,0
ST LUCIA,LCA,N6 - INDL. MACHNRY FOR DAIRY ETC,0
SUDAN,SDN,N6 - INDL. MACHNRY FOR DAIRY ETC,33
SURINAME,SUR,N6 - INDL. MACHNRY FOR DAIRY ETC,1
SWAZILAND,SWZ,N6 - INDL. MACHNRY FOR DAIRY ETC,2
SYRIA,SYR,N6 - INDL. MACHNRY FOR DAIRY ETC,3
TAJIKISTAN,TJK,N6 - INDL. MACHNRY FOR DAIRY ETC,1
TANZANIA REP,TZA,N6 - INDL. MACHNRY FOR DAIRY ETC,93
THAILAND,THA,N6 - INDL. MACHNRY FOR DAIRY ETC,217
TIMOR LESTE,TLS,N6 - INDL. MACHNRY FOR DAIRY ETC,0
TOGO,TGO,N6 - INDL. MACHNRY FOR DAIRY ETC,8
TONGA,TON,N6 - INDL. MACHNRY FOR DAIRY ETC,0
TUNISIA,TUN,N6 - INDL. MACHNRY FOR DAIRY ETC,10
TURKEY,TUR,N6 - INDL. MACHNRY FOR DAIRY ETC,210
TURKMENISTAN,TKM,N6 - INDL. MACHNRY FOR DAIRY ETC,9
UGANDA,UGA,N6 - INDL. MACHNRY FOR DAIRY ETC,51
UKRAINE,UKR,N6 - INDL. MACHNRY FOR DAIRY ETC,10
URUGUAY,URY,N6 - INDL. MACHNRY FOR DAIRY ETC,7
UZBEKISTAN,UZB,N6 - INDL. MACHNRY FOR DAIRY ETC,27
VANUATU REP,VUT,N6 - INDL. MACHNRY FOR DAIRY ETC,0
ZAMBIA,ZMB,N6 - INDL. MACHNRY FOR DAIRY ETC,24
ZIMBABWE,ZWE,N6 - INDL. MACHNRY FOR DAIRY ETC,15
AZERBAIJAN,AZE,"N7 - ATM, INJCTNG MLDING MCHNRY ETC",2
BAHARAIN IS,BHR,"N7 - ATM, INJCTNG MLDING MCHNRY ETC",26
KAZAKHSTAN,KAZ,"N7 - ATM, INJCTNG MLDING MCHNRY ETC",8
LAO PD RP,LAO,"N7 - ATM, INJCTNG MLDING MCHNRY ETC",1
LIECHTENSTEIN,LIE,"N7 - ATM, INJCTNG MLDING MCHNRY ETC",0
MONACO,MCO,"N7 - ATM, INJCTNG MLDING MCHNRY ETC",0
NAURU RP,NRU,"N7 - ATM, INJCTNG MLDING MCHNRY ETC",0
NEW CALEDONIA,NCL,"N7 - ATM, INJCTNG MLDING MCHNRY ETC",0
ROMANIA,ROU,"N7 - ATM, INJCTNG MLDING MCHNRY ETC",17
SURINAME,SUR,"N7 - ATM, INJCTNG MLDING MCHNRY ETC",2
ALGERIA,DZA,"N8 - NUCLER REACTR, INDL BOILR, PRT",66
SAMOA,WSM,"N8 - NUCLER REACTR, INDL BOILR, PRT",0
ANTIGUA,ATG,N9 - OTHER CONSTRUCTION MACHINERY,0
ARMENIA,ARM,N9 - OTHER CONSTRUCTION MACHINERY,1
BAHAMAS,BHS,N9 - OTHER CONSTRUCTION MACHINERY,0
BARBADOS,BRB,N9 - OTHER CONSTRUCTION MACHINERY,0
BHUTAN,BTN,N9 - OTHER CONSTRUCTION MACHINERY,30
BOTSWANA,BWA,N9 - OTHER CONSTRUCTION MACHINERY,4
C AFRI REP,CAF,N9 - OTHER CONSTRUCTION MACHINERY,0
ESTONIA,EST,N9 - OTHER CONSTRUCTION MACHINERY,2
FINLAND,FIN,N9 - OTHER CONSTRUCTION MACHINERY,14
FR POLYNESIA,PYF,N9 - OTHER CONSTRUCTION MACHINERY,0
GABON,GAB,N9 - OTHER CONSTRUCTION MACHINERY,4
GHANA,GHA,N9 - OTHER CONSTRUCTION MACHINERY,47
GUAM,GUM,N9 - OTHER CONSTRUCTION MACHINERY,0
GUINEA,GIN,N9 - OTHER CONSTRUCTION MACHINERY,13
GUYANA,GUY,N9 - OTHER CONSTRUCTION MACHINERY,4
JAMAICA,JAM,N9 - OTHER CONSTRUCTION MACHINERY,1
KAZAKHSTAN,KAZ,N9 - OTHER CONSTRUCTION MACHINERY,7
MALDIVES,MDV,N9 - OTHER CONSTRUCTION MACHINERY,12
MONGOLIA,MNG,N9 - OTHER CONSTRUCTION MACHINERY,1
MONTSERRAT,MSR,N9 - OTHER CONSTRUCTION MACHINERY,0
NEW ZEALAND,NZL,N9 - OTHER CONSTRUCTION MACHINERY,14
RUSSIA,RUS,N9 - OTHER CONSTRUCTION MACHINERY,76
SIERRA LEONE,SLE,N9 - OTHER CONSTRUCTION MACHINERY,4
SOUTH AFRICA,ZAF,N9 - OTHER CONSTRUCTION MACHINERY,65
ST LUCIA,LCA,N9 - OTHER CONSTRUCTION MACHINERY,0
ST VINCENT,VCT,N9 - OTHER CONSTRUCTION MACHINERY,0
SURINAME,SUR,N9 - OTHER CONSTRUCTION MACHINERY,1
ZAMBIA,ZMB,N9 - OTHER CONSTRUCTION MACHINERY,13
ZIMBABWE,ZWE,N9 - OTHER CONSTRUCTION MACHINERY,5
DENMARK,DNK,O1 - OTHER MISC. ENGINEERING ITEMS,27
DOMINICA,DOM,O1 - OTHER MISC. ENGINEERING ITEMS,0
FR POLYNESIA,PYF,O1 - OTHER MISC. ENGINEERING ITEMS,0
GUAM,GUM,O1 - OTHER MISC. ENGINEERING ITEMS,0
ISRAEL,ISR,O1 - OTHER MISC. ENGINEERING ITEMS,102
MACAO,MAC,O1 - OTHER MISC. ENGINEERING ITEMS,11
MARSHALL ISLAND,MHL,O1 - OTHER MISC. ENGINEERING ITEMS,0
SAN MARINO,SMR,O1 - OTHER MISC. ENGINEERING ITEMS,0
SERBIA,SRB,O1 - OTHER MISC. ENGINEERING ITEMS,3
SLOVAK REP,SVK,O1 - OTHER MISC. ENGINEERING ITEMS,11
ST LUCIA,LCA,O1 - OTHER MISC. ENGINEERING ITEMS,0
ST VINCENT,VCT,O1 - OTHER MISC. ENGINEERING ITEMS,0
SWEDEN,SWE,O1 - OTHER MISC. ENGINEERING ITEMS,31
SWITZERLAND,CHE,O1 - OTHER MISC. ENGINEERING ITEMS,35
UZBEKISTAN,UZB,O1 - OTHER MISC. ENGINEERING ITEMS,7
VIRGIN IS US,VIR,O1 - OTHER MISC. ENGINEERING ITEMS,0
AZERBAIJAN,AZE,O3 - PUMPS OF ALL TYPES,1
LIBYA,LBY,O3 - PUMPS OF ALL TYPES,6
LIECHTENSTEIN,LIE,O3 - PUMPS OF ALL TYPES,0
MALAWI,MWI,O3 - PUMPS OF ALL TYPES,2
SOUTH SUDAN,SSD,O3 - PUMPS OF ALL TYPES,1
FRANCE,FRA,"O4 - AIRCRAFT, SPACECRAFT AND PARTS",193
SURINAME,SUR,"O4 - AIRCRAFT, SPACECRAFT AND PARTS",1
SWITZERLAND,CHE,"O4 - AIRCRAFT, SPACECRAFT AND PARTS",20
ANGOLA,AGO,O5 - MOTOR VEHICLE/CARS,10
ANTIGUA,ATG,O5 - MOTOR VEHICLE/CARS,1
ARGENTINA,ARG,O5 - MOTOR VEHICLE/CARS,49
ARUBA,ABW,O5 - MOTOR VEHICLE/CARS,2
AUSTRALIA,AUS,O5 - MOTOR VEHICLE/CARS,101
BAHAMAS,BHS,O5 - MOTOR VEHICLE/CARS,2
BAHARAIN IS,BHR,O5 - MOTOR VEHICLE/CARS,23
BARBADOS,BRB,O5 - MOTOR VEHICLE/CARS,6
BERMUDA,BMU,O5 - MOTOR VEHICLE/CARS,5
BHUTAN,BTN,O5 - MOTOR VEHICLE/CARS,57
BOLIVIA,BOL,O5 - MOTOR VEHICLE/CARS,38
BRUNEI,BRN,O5 - MOTOR VEHICLE/CARS,22
BURKINA FASO,BFA,O5 - MOTOR VEHICLE/CARS,5
CAMBODIA,KHM,O5 - MOTOR VEHICLE/CARS,7
CAPE VERDE IS,CPV,O5 - MOTOR VEHICLE/CARS,0
CAYMAN IS,CYM,O5 - MOTOR VEHICLE/CARS,1
CHAD,TCD,O5 - MOTOR VEHICLE/CARS,2
CHILE,CHL,O5 - MOTOR VEHICLE/CARS,340
COLOMBIA,COL,O5 - MOTOR VEHICLE/CARS,65
CONGO D. REP.,COG,O5 - MOTOR VEHICLE/CARS,10
CONGO P REP,COD,O5 - MOTOR VEHICLE/CARS,17
COSTA RICA,CRI,O5 - MOTOR VEHICLE/CARS,23
COTE D' IVOIRE,CIV,O5 - MOTOR VEHICLE/CARS,44
CUBA,CUB,O5 - MOTOR VEHICLE/CARS,10
DJIBOUTI,DJI,O5 - MOTOR VEHICLE/CARS,26
DOMINIC REP,DMA,O5 - MOTOR VEHICLE/CARS,26
DOMINICA,DOM,O5 - MOTOR VEHICLE/CARS,0
ECUADOR,ECU,O5 - MOTOR VEHICLE/CARS,29
EGYPT A RP,EGY,O5 - MOTOR VEHICLE/CARS,234
EL SALVADOR,SLV,O5 - MOTOR VEHICLE/CARS,9
ETHIOPIA,ETH,O5 - MOTOR VEHICLE/CARS,65
FR POLYNESIA,PYF,O5 - MOTOR VEHICLE/CARS,5
GABON,GAB,O5 - MOTOR VEHICLE/CARS,3
GHANA,GHA,O5 - MOTOR VEHICLE/CARS,58
GRENADA,GRD,O5 - MOTOR VEHICLE/CARS,1
GUADELOUPE,GLP,O5 - MOTOR VEHICLE/CARS,0
GUATEMALA,GTM,O5 - MOTOR VEHICLE/CARS,36
HAITI,HTI,O5 - MOTOR VEHICLE/CARS,2
HONDURAS,HND,O5 - MOTOR VEHICLE/CARS,12
INDONESIA,IDN,O5 - MOTOR VEHICLE/CARS,243
IRAQ,IRQ,O5 - MOTOR VEHICLE/CARS,73
JAMAICA,JAM,O5 - MOTOR VEHICLE/CARS,12
KENYA,KEN,O5 - MOTOR VEHICLE/CARS,55
KUWAIT,KWT,O5 - MOTOR VEHICLE/CARS,40
LAO PD RP,LAO,O5 - MOTOR VEHICLE/CARS,5
LEBANON,LBN,O5 - MOTOR VEHICLE/CARS,8
LIBERIA,LBR,O5 - MOTOR VEHICLE/CARS,10
LIBYA,LBY,O5 - MOTOR VEHICLE/CARS,23
MADAGASCAR,MDG,O5 - MOTOR VEHICLE/CARS,5
MALAWI,MWI,O5 - MOTOR VEHICLE/CARS,2
MARSHALL ISLAND,MHL,O5 - MOTOR VEHICLE/CARS,0
MAURITIUS,MUS,O5 - MOTOR VEHICLE/CARS,34
MEXICO,MEX,O5 - MOTOR VEHICLE/CARS,874
MOROCCO,MAR,O5 - MOTOR VEHICLE/CARS,74
MOZAMBIQUE,MOZ,O5 - MOTOR VEHICLE/CARS,22
NEPAL,NPL,O5 - MOTOR VEHICLE/CARS,273
NEW CALEDONIA,NCL,O5 - MOTOR VEHICLE/CARS,8
NEW ZEALAND,NZL,O5 - MOTOR VEHICLE/CARS,13
NICARAGUA,NIC,O5 - MOTOR VEHICLE/CARS,10
NIGERIA,NGA,O5 - MOTOR VEHICLE/CARS,158
PANAMA REPUBLIC,PAN,O5 - MOTOR VEHICLE/CARS,38
PAPUA N GNA,PNG,O5 - MOTOR VEHICLE/CARS,2
PARAGUAY,PRY,O5 - MOTOR VEHICLE/CARS,15
PERU,PER,O5 - MOTOR VEHICLE/CARS,113
PHILIPPINES,PHL,O5 - MOTOR VEHICLE/CARS,64
PUERTO RICO,PRI,O5 - MOTOR VEHICLE/CARS,12
QATAR,QAT,O5 - MOTOR VEHICLE/CARS,72
SAMOA,WSM,O5 - MOTOR VEHICLE/CARS,0
SAUDI ARAB,SAU,O5 - MOTOR VEHICLE/CARS,499
SENEGAL,SEN,O5 - MOTOR VEHICLE/CARS,23
SEYCHELLES,SYC,O5 - MOTOR VEHICLE/CARS,3
SIERRA LEONE,SLE,O5 - MOTOR VEHICLE/CARS,5
SOLOMON IS,SLB,O5 - MOTOR VEHICLE/CARS,0
SOMALIA,SOM,O5 - MOTOR VEHICLE/CARS,45
SOUTH AFRICA,ZAF,O5 - MOTOR VEHICLE/CARS,1075
SOUTH SUDAN,SSD,O5 - MOTOR VEHICLE/CARS,3
ST KITT N A,KNA,O5 - MOTOR VEHICLE/CARS,1
ST LUCIA,LCA,O5 - MOTOR VEHICLE/CARS,1
ST VINCENT,VCT,O5 - MOTOR VEHICLE/CARS,0
SUDAN,SDN,O5 - MOTOR VEHICLE/CARS,21
TANZANIA REP,TZA,O5 - MOTOR VEHICLE/CARS,43
TRINIDAD,TTO,O5 - MOTOR VEHICLE/CARS,8
TUNISIA,TUN,O5 - MOTOR VEHICLE/CARS,82
TURKS C IS,TCA,O5 - MOTOR VEHICLE/CARS,0
UGANDA,UGA,O5 - MOTOR VEHICLE/CARS,19
URUGUAY,URY,O5 - MOTOR VEHICLE/CARS,18
VANUATU REP,VUT,O5 - MOTOR VEHICLE/CARS,1
ZIMBABWE,ZWE,O5 - MOTOR VEHICLE/CARS,2
MONGOLIA,MNG,"O6 - RAILWY TRNSPRT EQUIPMNTS, PRTS",0
MOZAMBIQUE,MOZ,"O6 - RAILWY TRNSPRT EQUIPMNTS, PRTS",37
SWEDEN,SWE,"O6 - RAILWY TRNSPRT EQUIPMNTS, PRTS",25
ANGOLA,AGO,"O7 - SHIP, BOAT AND FLOATING STRUCT",39
INDONESIA,IDN,"O7 - SHIP, BOAT AND FLOATING STRUCT",258
KAZAKHSTAN,KAZ,"O7 - SHIP, BOAT AND FLOATING STRUCT",2
LIBERIA,LBR,"O7 - SHIP, BOAT AND FLOATING STRUCT",6
MALAYSIA,MYS,"O7 - SHIP, BOAT AND FLOATING STRUCT",367
PAKISTAN IR,PAK,"O7 - SHIP, BOAT AND FLOATING STRUCT",6
PORTUGAL,PRT,"O7 - SHIP, BOAT AND FLOATING STRUCT",65
SINGAPORE,SGP,"O7 - SHIP, BOAT AND FLOATING STRUCT",674
SOUTH AFRICA,ZAF,"O7 - SHIP, BOAT AND FLOATING STRUCT",260
SRI LANKA DSR,LKA,"O7 - SHIP, BOAT AND FLOATING STRUCT",481
U ARAB EMTS,ARE,"O7 - SHIP, BOAT AND FLOATING STRUCT",1028
ARGENTINA,ARG,O8 - TWO AND THREE WHEELERS,62
AUSTRIA,AUT,O8 - TWO AND THREE WHEELERS,74
BAHAMAS,BHS,O8 - TWO AND THREE WHEELERS,0
BENIN,BEN,O8 - TWO AND THREE WHEELERS,15
BERMUDA,BMU,O8 - TWO AND THREE WHEELERS,0
BOLIVIA,BOL,O8 - TWO AND THREE WHEELERS,8
BURKINA FASO,BFA,O8 - TWO AND THREE WHEELERS,15
BURUNDI,BDI,O8 - TWO AND THREE WHEELERS,5
C AFRI REP,CAF,O8 - TWO AND THREE WHEELERS,0
CAMEROON,CMR,O8 - TWO AND THREE WHEELERS,8
CHILE,CHL,O8 - TWO AND THREE WHEELERS,45
COLOMBIA,COL,O8 - TWO AND THREE WHEELERS,281
CONGO D. REP.,COG,O8 - TWO AND THREE WHEELERS,98
COSTA RICA,CRI,O8 - TWO AND THREE WHEELERS,6
DOMINIC REP,DMA,O8 - TWO AND THREE WHEELERS,20
DOMINICA,DOM,O8 - TWO AND THREE WHEELERS,0
ECUADOR,ECU,O8 - TWO AND THREE WHEELERS,24
EL SALVADOR,SLV,O8 - TWO AND THREE WHEELERS,26
ETHIOPIA,ETH,O8 - TWO AND THREE WHEELERS,24
FR GUIANA,GUF,O8 - TWO AND THREE WHEELERS,0
FR POLYNESIA,PYF,O8 - TWO AND THREE WHEELERS,0
GUATEMALA,GTM,O8 - TWO AND THREE WHEELERS,98
GUINEA,GIN,O8 - TWO AND THREE WHEELERS,68
GUINEA BISSAU,GNB,O8 - TWO AND THREE WHEELERS,1
HONDURAS,HND,O8 - TWO AND THREE WHEELERS,33
KENYA,KEN,O8 - TWO AND THREE WHEELERS,94
LIBERIA,LBR,O8 - TWO AND THREE WHEELERS,18
MACAO,MAC,O8 - TWO AND THREE WHEELERS,0
MALI,MLI,O8 - TWO AND THREE WHEELERS,19
MAYOTTE,MYT,O8 - TWO AND THREE WHEELERS,0
MEXICO,MEX,O8 - TWO AND THREE WHEELERS,160
NEPAL,NPL,O8 - TWO AND THREE WHEELERS,233
NICARAGUA,NIC,O8 - TWO AND THREE WHEELERS,17
NIGERIA,NGA,O8 - TWO AND THREE WHEELERS,401
PERU,PER,O8 - TWO AND THREE WHEELERS,38
PHILIPPINES,PHL,O8 - TWO AND THREE WHEELERS,127
RWANDA,RWA,O8 - TWO AND THREE WHEELERS,6
SIERRA LEONE,SLE,O8 - TWO AND THREE WHEELERS,18
TANZANIA REP,TZA,O8 - TWO AND THREE WHEELERS,42
UGANDA,UGA,O8 - TWO AND THREE WHEELERS,87
BOTSWANA,BWA,"O9 - COMPUTER HARDWARE, PERIPHERALS",1
LIECHTENSTEIN,LIE,"O9 - COMPUTER HARDWARE, PERIPHERALS",0
MONGOLIA,MNG,"O9 - COMPUTER HARDWARE, PERIPHERALS",0
ISRAEL,ISR,P1 - CONSUMER ELECTRONICS,173
LAO PD RP,LAO,P1 - CONSUMER ELECTRONICS,0
N. MARIANA IS.,MNP,P1 - CONSUMER ELECTRONICS,0
AUSTRIA,AUT,P2 - ELECTRONICS COMPONENTS,61
CROATIA,HRV,P2 - ELECTRONICS COMPONENTS,7
CZECH REPUBLIC,CZE,P2 - ELECTRONICS COMPONENTS,15
FRANCE,FRA,P2 - ELECTRONICS COMPONENTS,118
HONG KONG,HKG,P2 - ELECTRONICS COMPONENTS,115
KUWAIT,KWT,P2 - ELECTRONICS COMPONENTS,27
LITHUANIA,LTU,P2 - ELECTRONICS COMPONENTS,118
LUXEMBOURG,LUX,P2 - ELECTRONICS COMPONENTS,1
MACEDONIA,MKD,P2 - ELECTRONICS COMPONENTS,0
MALI,MLI,P2 - ELECTRONICS COMPONENTS,6
N. MARIANA IS.,MNP,P2 - ELECTRONICS COMPONENTS,0
NAURU RP,NRU,P2 - ELECTRONICS COMPONENTS,0
NORFOLK IS,NFK,P2 - ELECTRONICS COMPONENTS,0
AZERBAIJAN,AZE,P3 - ELECTRONICS INSTRUMENTS,2
CAYMAN IS,CYM,P3 - ELECTRONICS INSTRUMENTS,0
COSTA RICA,CRI,P3 - ELECTRONICS INSTRUMENTS,3
CUBA,CUB,P3 - ELECTRONICS INSTRUMENTS,1
CZECH REPUBLIC,CZE,P3 - ELECTRONICS INSTRUMENTS,16
ECUADOR,ECU,P3 - ELECTRONICS INSTRUMENTS,7
FINLAND,FIN,P3 - ELECTRONICS INSTRUMENTS,16
GREECE,GRC,P3 - ELECTRONICS INSTRUMENTS,26
GUAM,GUM,P3 - ELECTRONICS INSTRUMENTS,0
HONG KONG,HKG,P3 - ELECTRONICS INSTRUMENTS,68
HUNGARY,HUN,P3 - ELECTRONICS INSTRUMENTS,32
LIECHTENSTEIN,LIE,P3 - ELECTRONICS INSTRUMENTS,0
NAURU RP,NRU,P3 - ELECTRONICS INSTRUMENTS,0
NETHERLAND,NLD,P3 - ELECTRONICS INSTRUMENTS,174
SINGAPORE,SGP,P3 - ELECTRONICS INSTRUMENTS,131
ST LUCIA,LCA,P3 - ELECTRONICS INSTRUMENTS,0
TAJIKISTAN,TJK,P3 - ELECTRONICS INSTRUMENTS,0
TURKMENISTAN,TKM,P3 - ELECTRONICS INSTRUMENTS,5
BOSNIA-HRZGOVIN,BIH,P4 - TELECOM INSTRUMENTS,1
CZECH REPUBLIC,CZE,P4 - TELECOM INSTRUMENTS,79
GERMANY,DEU,P4 - TELECOM INSTRUMENTS,263
GIBRALTAR,GIB,P4 - TELECOM INSTRUMENTS,0
HONG KONG,HKG,P4 - TELECOM INSTRUMENTS,129
HUNGARY,HUN,P4 - TELECOM INSTRUMENTS,94
JAPAN,JPN,P4 - TELECOM INSTRUMENTS,274
JORDAN,JOR,P4 - TELECOM INSTRUMENTS,18
KAZAKHSTAN,KAZ,P4 - TELECOM INSTRUMENTS,78
KOREA DP RP,PRK,P4 - TELECOM INSTRUMENTS,0
LIECHTENSTEIN,LIE,P4 - TELECOM INSTRUMENTS,0
LITHUANIA,LTU,P4 - TELECOM INSTRUMENTS,19
MONGOLIA,MNG,P4 - TELECOM INSTRUMENTS,0
MOROCCO,MAR,P4 - TELECOM INSTRUMENTS,90
N. MARIANA IS.,MNP,P4 - TELECOM INSTRUMENTS,0
NAURU RP,NRU,P4 - TELECOM INSTRUMENTS,0
NETHERLAND,NLD,P4 - TELECOM INSTRUMENTS,466
RUSSIA,RUS,P4 - TELECOM INSTRUMENTS,392
SOUTH AFRICA,ZAF,P4 - TELECOM INSTRUMENTS,141
U ARAB EMTS,ARE,P4 - TELECOM INSTRUMENTS,1921
UNITED KINGDOM,GBR,P4 - TELECOM INSTRUMENTS,418
UKRAINE,UKR,P4 - TELECOM INSTRUMENTS,16
EL SALVADOR,SLV,P6 - MANMADE STAPLE FIBRE,5
BANGLADESH PR,BGD,P7 - COTTON YARN,2085
CHINA P RP,CHN,P7 - COTTON YARN,755
COLOMBIA,COL,P7 - COTTON YARN,85
DOMINIC REP,DMA,P7 - COTTON YARN,13
EGYPT A RP,EGY,P7 - COTTON YARN,212
GUATEMALA,GTM,P7 - COTTON YARN,83
HONDURAS,HND,P7 - COTTON YARN,34
KOREA RP,KOR,P7 - COTTON YARN,137
MADAGASCAR,MDG,P7 - COTTON YARN,9
MAURITIUS,MUS,P7 - COTTON YARN,38
MONTENEGRO,MNE,P7 - COTTON YARN,2
MOROCCO,MAR,P7 - COTTON YARN,32
MYANMAR,MMR,P7 - COTTON YARN,36
PERU,PER,P7 - COTTON YARN,178
PORTUGAL,PRT,P7 - COTTON YARN,232
SYRIA,SYR,P7 - COTTON YARN,9
TUNISIA,TUN,P7 - COTTON YARN,18
TURKEY,TUR,P7 - COTTON YARN,181
VIETNAM SOC REP,VNM,P7 - COTTON YARN,182
AUSTRALIA,AUS,"P8 - COTTON FABRICS, MADEUPS ETC.",122
BAHAMAS,BHS,"P8 - COTTON FABRICS, MADEUPS ETC.",1
BANGLADESH PR,BGD,"P8 - COTTON FABRICS, MADEUPS ETC.",639
BENIN,BEN,"P8 - COTTON FABRICS, MADEUPS ETC.",31
BERMUDA,BMU,"P8 - COTTON FABRICS, MADEUPS ETC.",0
BULGARIA,BGR,"P8 - COTTON FABRICS, MADEUPS ETC.",7
BURKINA FASO,BFA,"P8 - COTTON FABRICS, MADEUPS ETC.",16
C AFRI REP,CAF,"P8 - COTTON FABRICS, MADEUPS ETC.",2
CAMBODIA,KHM,"P8 - COTTON FABRICS, MADEUPS ETC.",6
CAMEROON,CMR,"P8 - COTTON FABRICS, MADEUPS ETC.",10
CANADA,CAN,"P8 - COTTON FABRICS, MADEUPS ETC.",144
CHAD,TCD,"P8 - COTTON FABRICS, MADEUPS ETC.",2
CHILE,CHL,"P8 - COTTON FABRICS, MADEUPS ETC.",44
COLOMBIA,COL,"P8 - COTTON FABRICS, MADEUPS ETC.",104
COMOROS,COM,"P8 - COTTON FABRICS, MADEUPS ETC.",2
CONGO D. REP.,COG,"P8 - COTTON FABRICS, MADEUPS ETC.",25
CONGO P REP,COD,"P8 - COTTON FABRICS, MADEUPS ETC.",6
CUBA,CUB,"P8 - COTTON FABRICS, MADEUPS ETC.",0
DENMARK,DNK,"P8 - COTTON FABRICS, MADEUPS ETC.",50
DJIBOUTI,DJI,"P8 - COTTON FABRICS, MADEUPS ETC.",15
DOMINIC REP,DMA,"P8 - COTTON FABRICS, MADEUPS ETC.",11
DOMINICA,DOM,"P8 - COTTON FABRICS, MADEUPS ETC.",0
ECUADOR,ECU,"P8 - COTTON FABRICS, MADEUPS ETC.",10
EL SALVADOR,SLV,"P8 - COTTON FABRICS, MADEUPS ETC.",34
ETHIOPIA,ETH,"P8 - COTTON FABRICS, MADEUPS ETC.",23
FINLAND,FIN,"P8 - COTTON FABRICS, MADEUPS ETC.",9
FR GUIANA,GUF,"P8 - COTTON FABRICS, MADEUPS ETC.",0
FR POLYNESIA,PYF,"P8 - COTTON FABRICS, MADEUPS ETC.",0
FRANCE,FRA,"P8 - COTTON FABRICS, MADEUPS ETC.",133
GABON,GAB,"P8 - COTTON FABRICS, MADEUPS ETC.",2
GAMBIA,GMB,"P8 - COTTON FABRICS, MADEUPS ETC.",39
GUADELOUPE,GLP,"P8 - COTTON FABRICS, MADEUPS ETC.",0
GUATEMALA,GTM,"P8 - COTTON FABRICS, MADEUPS ETC.",27
GUINEA,GIN,"P8 - COTTON FABRICS, MADEUPS ETC.",25
ISRAEL,ISR,"P8 - COTTON FABRICS, MADEUPS ETC.",63
KOREA RP,KOR,"P8 - COTTON FABRICS, MADEUPS ETC.",138
LATVIA,LVA,"P8 - COTTON FABRICS, MADEUPS ETC.",3
LESOTHO,LSO,"P8 - COTTON FABRICS, MADEUPS ETC.",1
MACAO,MAC,"P8 - COTTON FABRICS, MADEUPS ETC.",0
MADAGASCAR,MDG,"P8 - COTTON FABRICS, MADEUPS ETC.",15
MALAWI,MWI,"P8 - COTTON FABRICS, MADEUPS ETC.",7
MALI,MLI,"P8 - COTTON FABRICS, MADEUPS ETC.",16
MARTINIQUE,MTQ,"P8 - COTTON FABRICS, MADEUPS ETC.",0
MAURITANIA,MRT,"P8 - COTTON FABRICS, MADEUPS ETC.",25
MAYOTTE,MYT,"P8 - COTTON FABRICS, MADEUPS ETC.",0
MOZAMBIQUE,MOZ,"P8 - COTTON FABRICS, MADEUPS ETC.",19
NAURU RP,NRU,"P8 - COTTON FABRICS, MADEUPS ETC.",0
NEW CALEDONIA,NCL,"P8 - COTTON FABRICS, MADEUPS ETC.",0
NEW ZEALAND,NZL,"P8 - COTTON FABRICS, MADEUPS ETC.",26
NICARAGUA,NIC,"P8 - COTTON FABRICS, MADEUPS ETC.",5
NIGER,NER,"P8 - COTTON FABRICS, MADEUPS ETC.",2
NIGERIA,NGA,"P8 - COTTON FABRICS, MADEUPS ETC.",145
NORWAY,NOR,"P8 - COTTON FABRICS, MADEUPS ETC.",22
PANAMA REPUBLIC,PAN,"P8 - COTTON FABRICS, MADEUPS ETC.",11
PERU,PER,"P8 - COTTON FABRICS, MADEUPS ETC.",17
SAO TOME,STP,"P8 - COTTON FABRICS, MADEUPS ETC.",0
SENEGAL,SEN,"P8 - COTTON FABRICS, MADEUPS ETC.",144
SOUTH SUDAN,SSD,"P8 - COTTON FABRICS, MADEUPS ETC.",1
SRI LANKA DSR,LKA,"P8 - COTTON FABRICS, MADEUPS ETC.",324
SUDAN,SDN,"P8 - COTTON FABRICS, MADEUPS ETC.",52
SWEDEN,SWE,"P8 - COTTON FABRICS, MADEUPS ETC.",47
TOGO,TGO,"P8 - COTTON FABRICS, MADEUPS ETC.",54
TURKS C IS,TCA,"P8 - COTTON FABRICS, MADEUPS ETC.",0
UNITED STATES OF AMERICA,USA,"P8 - COTTON FABRICS, MADEUPS ETC.",2991
UGANDA,UGA,"P8 - COTTON FABRICS, MADEUPS ETC.",13
VENEZUELA,VEN,"P8 - COTTON FABRICS, MADEUPS ETC.",21
ZAMBIA,ZMB,"P8 - COTTON FABRICS, MADEUPS ETC.",7
CAPE VERDE IS,CPV,"P9 - OTH TXTL YRN, FBRIC MDUP ARTCL",0
SRI LANKA DSR,LKA,"P9 - OTH TXTL YRN, FBRIC MDUP ARTCL",156
AFGHANISTAN,AFG,"Q3 - MANMADE YARN,FABRICS,MADEUPS",49
ANTIGUA,ATG,"Q3 - MANMADE YARN,FABRICS,MADEUPS",0
ARGENTINA,ARG,"Q3 - MANMADE YARN,FABRICS,MADEUPS",77
BARBADOS,BRB,"Q3 - MANMADE YARN,FABRICS,MADEUPS",0
BELGIUM,BEL,"Q3 - MANMADE YARN,FABRICS,MADEUPS",118
BENIN,BEN,"Q3 - MANMADE YARN,FABRICS,MADEUPS",6
BRAZIL,BRA,"Q3 - MANMADE YARN,FABRICS,MADEUPS",256
BRUNEI,BRN,"Q3 - MANMADE YARN,FABRICS,MADEUPS",1
BULGARIA,BGR,"Q3 - MANMADE YARN,FABRICS,MADEUPS",11
BURKINA FASO,BFA,"Q3 - MANMADE YARN,FABRICS,MADEUPS",5
CAMBODIA,KHM,"Q3 - MANMADE YARN,FABRICS,MADEUPS",11
CAPE VERDE IS,CPV,"Q3 - MANMADE YARN,FABRICS,MADEUPS",0
CHILE,CHL,"Q3 - MANMADE YARN,FABRICS,MADEUPS",47
COLOMBIA,COL,"Q3 - MANMADE YARN,FABRICS,MADEUPS",33
EGYPT A RP,EGY,"Q3 - MANMADE YARN,FABRICS,MADEUPS",215
ESTONIA,EST,"Q3 - MANMADE YARN,FABRICS,MADEUPS",2
FIJI IS,FJI,"Q3 - MANMADE YARN,FABRICS,MADEUPS",3
GAMBIA,GMB,"Q3 - MANMADE YARN,FABRICS,MADEUPS",6
GREECE,GRC,"Q3 - MANMADE YARN,FABRICS,MADEUPS",15
GUATEMALA,GTM,"Q3 - MANMADE YARN,FABRICS,MADEUPS",15
GUYANA,GUY,"Q3 - MANMADE YARN,FABRICS,MADEUPS",1
ICELAND,ISL,"Q3 - MANMADE YARN,FABRICS,MADEUPS",1
IRAN,IRN,"Q3 - MANMADE YARN,FABRICS,MADEUPS",26
JORDAN,JOR,"Q3 - MANMADE YARN,FABRICS,MADEUPS",21
KENYA,KEN,"Q3 - MANMADE YARN,FABRICS,MADEUPS",52
KOREA DP RP,PRK,"Q3 - MANMADE YARN,FABRICS,MADEUPS",0
LATVIA,LVA,"Q3 - MANMADE YARN,FABRICS,MADEUPS",4
LESOTHO,LSO,"Q3 - MANMADE YARN,FABRICS,MADEUPS",0
LITHUANIA,LTU,"Q3 - MANMADE YARN,FABRICS,MADEUPS",6
MADAGASCAR,MDG,"Q3 - MANMADE YARN,FABRICS,MADEUPS",5
MAURITANIA,MRT,"Q3 - MANMADE YARN,FABRICS,MADEUPS",3
MAURITIUS,MUS,"Q3 - MANMADE YARN,FABRICS,MADEUPS",11
MICRONESIA,FSM,"Q3 - MANMADE YARN,FABRICS,MADEUPS",0
MOROCCO,MAR,"Q3 - MANMADE YARN,FABRICS,MADEUPS",104
NAURU RP,NRU,"Q3 - MANMADE YARN,FABRICS,MADEUPS",0
NEW CALEDONIA,NCL,"Q3 - MANMADE YARN,FABRICS,MADEUPS",1
NEW ZEALAND,NZL,"Q3 - MANMADE YARN,FABRICS,MADEUPS",17
NORWAY,NOR,"Q3 - MANMADE YARN,FABRICS,MADEUPS",24
PANAMA REPUBLIC,PAN,"Q3 - MANMADE YARN,FABRICS,MADEUPS",10
PERU,PER,"Q3 - MANMADE YARN,FABRICS,MADEUPS",31
PORTUGAL,PRT,"Q3 - MANMADE YARN,FABRICS,MADEUPS",60
ROMANIA,ROU,"Q3 - MANMADE YARN,FABRICS,MADEUPS",20
SENEGAL,SEN,"Q3 - MANMADE YARN,FABRICS,MADEUPS",19
SPAIN,ESP,"Q3 - MANMADE YARN,FABRICS,MADEUPS",122
SUDAN,SDN,"Q3 - MANMADE YARN,FABRICS,MADEUPS",21
SYRIA,SYR,"Q3 - MANMADE YARN,FABRICS,MADEUPS",26
TOGO,TGO,"Q3 - MANMADE YARN,FABRICS,MADEUPS",36
TUNISIA,TUN,"Q3 - MANMADE YARN,FABRICS,MADEUPS",11
TURKEY,TUR,"Q3 - MANMADE YARN,FABRICS,MADEUPS",487
URUGUAY,URY,"Q3 - MANMADE YARN,FABRICS,MADEUPS",5
UZBEKISTAN,UZB,"Q3 - MANMADE YARN,FABRICS,MADEUPS",4
VENEZUELA,VEN,"Q3 - MANMADE YARN,FABRICS,MADEUPS",2
YEMEN REPUBLC,YEM,"Q3 - MANMADE YARN,FABRICS,MADEUPS",17
ANTIGUA,ATG,Q6 - RMG COTTON INCL ACCESSORIES,0
ARUBA,ABW,Q6 - RMG COTTON INCL ACCESSORIES,1
AUSTRALIA,AUS,Q6 - RMG COTTON INCL ACCESSORIES,172
AUSTRIA,AUT,Q6 - RMG COTTON INCL ACCESSORIES,14
BAHAMAS,BHS,Q6 - RMG COTTON INCL ACCESSORIES,0
BELIZE,BLZ,Q6 - RMG COTTON INCL ACCESSORIES,1
CANADA,CAN,Q6 - RMG COTTON INCL ACCESSORIES,146
CHILE,CHL,Q6 - RMG COTTON INCL ACCESSORIES,23
COMOROS,COM,Q6 - RMG COTTON INCL ACCESSORIES,1
CZECH REPUBLIC,CZE,Q6 - RMG COTTON INCL ACCESSORIES,33
DENMARK,DNK,Q6 - RMG COTTON INCL ACCESSORIES,98
FIJI IS,FJI,Q6 - RMG COTTON INCL ACCESSORIES,3
FINLAND,FIN,Q6 - RMG COTTON INCL ACCESSORIES,8
FR POLYNESIA,PYF,Q6 - RMG COTTON INCL ACCESSORIES,1
FRANCE,FRA,Q6 - RMG COTTON INCL ACCESSORIES,339
GERMANY,DEU,Q6 - RMG COTTON INCL ACCESSORIES,498
GIBRALTAR,GIB,Q6 - RMG COTTON INCL ACCESSORIES,0
GREENLAND,GRL,Q6 - RMG COTTON INCL ACCESSORIES,0
GRENADA,GRD,Q6 - RMG COTTON INCL ACCESSORIES,0
GUYANA,GUY,Q6 - RMG COTTON INCL ACCESSORIES,2
HUNGARY,HUN,Q6 - RMG COTTON INCL ACCESSORIES,15
ICELAND,ISL,Q6 - RMG COTTON INCL ACCESSORIES,0
IRELAND,IRL,Q6 - RMG COTTON INCL ACCESSORIES,37
ISRAEL,ISR,Q6 - RMG COTTON INCL ACCESSORIES,51
ITALY,ITA,Q6 - RMG COTTON INCL ACCESSORIES,223
JAMAICA,JAM,Q6 - RMG COTTON INCL ACCESSORIES,1
KUWAIT,KWT,Q6 - RMG COTTON INCL ACCESSORIES,33
KYRGHYZSTAN,KGZ,Q6 - RMG COTTON INCL ACCESSORIES,7
MALTA,MLT,Q6 - RMG COTTON INCL ACCESSORIES,1
MARTINIQUE,MTQ,Q6 - RMG COTTON INCL ACCESSORIES,0
MAURITIUS,MUS,Q6 - RMG COTTON INCL ACCESSORIES,14
MAYOTTE,MYT,Q6 - RMG COTTON INCL ACCESSORIES,0
MONACO,MCO,Q6 - RMG COTTON INCL ACCESSORIES,0
MONTSERRAT,MSR,Q6 - RMG COTTON INCL ACCESSORIES,0
NAMIBIA,NAM,Q6 - RMG COTTON INCL ACCESSORIES,1
NETHERLAND,NLD,Q6 - RMG COTTON INCL ACCESSORIES,299
NEW ZEALAND,NZL,Q6 - RMG COTTON INCL ACCESSORIES,22
NIGERIA,NGA,Q6 - RMG COTTON INCL ACCESSORIES,93
NORWAY,NOR,Q6 - RMG COTTON INCL ACCESSORIES,8
PANAMA REPUBLIC,PAN,Q6 - RMG COTTON INCL ACCESSORIES,43
POLAND,POL,Q6 - RMG COTTON INCL ACCESSORIES,123
REUNION,REU,Q6 - RMG COTTON INCL ACCESSORIES,1
RWANDA,RWA,Q6 - RMG COTTON INCL ACCESSORIES,3
SAUDI ARAB,SAU,Q6 - RMG COTTON INCL ACCESSORIES,163
SENEGAL,SEN,Q6 - RMG COTTON INCL ACCESSORIES,20
SLOVAK REP,SVK,Q6 - RMG COTTON INCL ACCESSORIES,9
SLOVENIA,SVN,Q6 - RMG COTTON INCL ACCESSORIES,17
SPAIN,ESP,Q6 - RMG COTTON INCL ACCESSORIES,286
ST KITT N A,KNA,Q6 - RMG COTTON INCL ACCESSORIES,0
SUDAN,SDN,Q6 - RMG COTTON INCL ACCESSORIES,14
SWEDEN,SWE,Q6 - RMG COTTON INCL ACCESSORIES,77
TONGA,TON,Q6 - RMG COTTON INCL ACCESSORIES,0
TRINIDAD,TTO,Q6 - RMG COTTON INCL ACCESSORIES,2
U ARAB EMTS,ARE,Q6 - RMG COTTON INCL ACCESSORIES,701
UNITED KINGDOM,GBR,Q6 - RMG COTTON INCL ACCESSORIES,737
UNITED STATES OF AMERICA,USA,Q6 - RMG COTTON INCL ACCESSORIES,2756
URUGUAY,URY,Q6 - RMG COTTON INCL ACCESSORIES,5
VIRGIN IS US,VIR,Q6 - RMG COTTON INCL ACCESSORIES,0
GIBRALTAR,GIB,Q7 - RMG SILK,0
AFGHANISTAN,AFG,Q8 - RMG MANMADE FIBRES,62
ANTIGUA,ATG,Q8 - RMG MANMADE FIBRES,0
ARUBA,ABW,Q8 - RMG MANMADE FIBRES,0
BELIZE,BLZ,Q8 - RMG MANMADE FIBRES,2
DENMARK,DNK,Q8 - RMG MANMADE FIBRES,72
EL SALVADOR,SLV,Q8 - RMG MANMADE FIBRES,2
FIJI IS,FJI,Q8 - RMG MANMADE FIBRES,2
GAMBIA,GMB,Q8 - RMG MANMADE FIBRES,6
GREENLAND,GRL,Q8 - RMG MANMADE FIBRES,0
ICELAND,ISL,Q8 - RMG MANMADE FIBRES,0
KYRGHYZSTAN,KGZ,Q8 - RMG MANMADE FIBRES,7
LESOTHO,LSO,Q8 - RMG MANMADE FIBRES,0
MAURITIUS,MUS,Q8 - RMG MANMADE FIBRES,13
MICRONESIA,FSM,Q8 - RMG MANMADE FIBRES,0
PANAMA REPUBLIC,PAN,Q8 - RMG MANMADE FIBRES,14
RWANDA,RWA,Q8 - RMG MANMADE FIBRES,7
ST KITT N A,KNA,Q8 - RMG MANMADE FIBRES,0
SWEDEN,SWE,Q8 - RMG MANMADE FIBRES,27
TAJIKISTAN,TJK,Q8 - RMG MANMADE FIBRES,0
TANZANIA REP,TZA,Q8 - RMG MANMADE FIBRES,55
TONGA,TON,Q8 - RMG MANMADE FIBRES,0
TURKS C IS,TCA,Q8 - RMG MANMADE FIBRES,0
U ARAB EMTS,ARE,Q8 - RMG MANMADE FIBRES,522
UNITED KINGDOM,GBR,Q8 - RMG MANMADE FIBRES,272
UZBEKISTAN,UZB,Q8 - RMG MANMADE FIBRES,5
VIRGIN IS US,VIR,Q8 - RMG MANMADE FIBRES,0
AFGHANISTAN,AFG,Q9 - RMG WOOL,16
BELIZE,BLZ,R1 - RMG OF OTHR TEXTLE MATRL,0
CAYMAN IS,CYM,R1 - RMG OF OTHR TEXTLE MATRL,0
COMOROS,COM,R1 - RMG OF OTHR TEXTLE MATRL,2
DENMARK,DNK,R1 - RMG OF OTHR TEXTLE MATRL,36
FIJI IS,FJI,R1 - RMG OF OTHR TEXTLE MATRL,1
FR POLYNESIA,PYF,R1 - RMG OF OTHR TEXTLE MATRL,0
GREENLAND,GRL,R1 - RMG OF OTHR TEXTLE MATRL,0
KYRGHYZSTAN,KGZ,R1 - RMG OF OTHR TEXTLE MATRL,1
MAYOTTE,MYT,R1 - RMG OF OTHR TEXTLE MATRL,0
MICRONESIA,FSM,R1 - RMG OF OTHR TEXTLE MATRL,0
MONACO,MCO,R1 - RMG OF OTHR TEXTLE MATRL,0
NAURU RP,NRU,R1 - RMG OF OTHR TEXTLE MATRL,0
PANAMA REPUBLIC,PAN,R1 - RMG OF OTHR TEXTLE MATRL,17
POLAND,POL,R1 - RMG OF OTHR TEXTLE MATRL,54
ST KITT N A,KNA,R1 - RMG OF OTHR TEXTLE MATRL,0
ST VINCENT,VCT,R1 - RMG OF OTHR TEXTLE MATRL,0
TURKS C IS,TCA,R1 - RMG OF OTHR TEXTLE MATRL,0
VANUATU REP,VUT,R1 - RMG OF OTHR TEXTLE MATRL,0
YEMEN REPUBLC,YEM,R1 - RMG OF OTHR TEXTLE MATRL,22
ZIMBABWE,ZWE,R7 - JUTE HESSIAN,2
ANGUILLA,AIA,R9 - OTHER JUTE MANUFACTURES,0
COTE D' IVOIRE,CIV,R9 - OTHER JUTE MANUFACTURES,11
GHANA,GHA,R9 - OTHER JUTE MANUFACTURES,42
GUINEA BISSAU,GNB,R9 - OTHER JUTE MANUFACTURES,2
NEW CALEDONIA,NCL,R9 - OTHER JUTE MANUFACTURES,0
AFGHANISTAN,AFG,S1 - HANDCRFS(EXCL.HANDMADE CRPTS),20
CAYMAN IS,CYM,S1 - HANDCRFS(EXCL.HANDMADE CRPTS),0
GUADELOUPE,GLP,S1 - HANDCRFS(EXCL.HANDMADE CRPTS),0
KIRIBATI REP,KIR,S1 - HANDCRFS(EXCL.HANDMADE CRPTS),0
MACEDONIA,MKD,S1 - HANDCRFS(EXCL.HANDMADE CRPTS),1
MARTINIQUE,MTQ,S1 - HANDCRFS(EXCL.HANDMADE CRPTS),0
MICRONESIA,FSM,S1 - HANDCRFS(EXCL.HANDMADE CRPTS),0
MONACO,MCO,S1 - HANDCRFS(EXCL.HANDMADE CRPTS),0
MONTSERRAT,MSR,S1 - HANDCRFS(EXCL.HANDMADE CRPTS),0
SAN MARINO,SMR,S1 - HANDCRFS(EXCL.HANDMADE CRPTS),0
TOGO,TGO,S1 - HANDCRFS(EXCL.HANDMADE CRPTS),11
VIRGIN IS US,VIR,S1 - HANDCRFS(EXCL.HANDMADE CRPTS),0
ARUBA,ABW,S2 - CARPET(EXCL. SILK) HANDMADE,0
FR GUIANA,GUF,S2 - CARPET(EXCL. SILK) HANDMADE,0
GIBRALTAR,GIB,S2 - CARPET(EXCL. SILK) HANDMADE,0
GREENLAND,GRL,S2 - CARPET(EXCL. SILK) HANDMADE,0
KYRGHYZSTAN,KGZ,S2 - CARPET(EXCL. SILK) HANDMADE,1
LUXEMBOURG,LUX,S2 - CARPET(EXCL. SILK) HANDMADE,0
MONACO,MCO,S2 - CARPET(EXCL. SILK) HANDMADE,0
SWEDEN,SWE,S2 - CARPET(EXCL. SILK) HANDMADE,44
KYRGHYZSTAN,KGZ,S3 - SILK CARPET,1
BANGLADESH PR,BGD,S4 - COTTON RAW INCLD. WASTE,1492
TAIWAN,TWN,S4 - COTTON RAW INCLD. WASTE,46
VIETNAM SOC REP,VNM,S4 - COTTON RAW INCLD. WASTE,324
ANTIGUA,ATG,S6 - PETROLEUM PRODUCTS,0
ARGENTINA,ARG,S6 - PETROLEUM PRODUCTS,436
AUSTRALIA,AUS,S6 - PETROLEUM PRODUCTS,4065
BAHARAIN IS,BHR,S6 - PETROLEUM PRODUCTS,248
BANGLADESH PR,BGD,S6 - PETROLEUM PRODUCTS,1056
BELGIUM,BEL,S6 - PETROLEUM PRODUCTS,1527
BHUTAN,BTN,S6 - PETROLEUM PRODUCTS,114
BRAZIL,BRA,S6 - PETROLEUM PRODUCTS,1095
CAMEROON,CMR,S6 - PETROLEUM PRODUCTS,6
CHINA P RP,CHN,S6 - PETROLEUM PRODUCTS,1756
COTE D' IVOIRE,CIV,S6 - PETROLEUM PRODUCTS,12
CYPRUS,CYP,S6 - PETROLEUM PRODUCTS,31
FRANCE,FRA,S6 - PETROLEUM PRODUCTS,438
GEORGIA,GEO,S6 - PETROLEUM PRODUCTS,2
GIBRALTAR,GIB,S6 - PETROLEUM PRODUCTS,350
HONG KONG,HKG,S6 - PETROLEUM PRODUCTS,75
INDONESIA,IDN,S6 - PETROLEUM PRODUCTS,1940
IRAQ,IRQ,S6 - PETROLEUM PRODUCTS,530
ISRAEL,ISR,S6 - PETROLEUM PRODUCTS,1435
ITALY,ITA,S6 - PETROLEUM PRODUCTS,267
JAPAN,JPN,S6 - PETROLEUM PRODUCTS,810
JORDAN,JOR,S6 - PETROLEUM PRODUCTS,201
KENYA,KEN,S6 - PETROLEUM PRODUCTS,457
KOREA RP,KOR,S6 - PETROLEUM PRODUCTS,1961
MADAGASCAR,MDG,S6 - PETROLEUM PRODUCTS,8
MALAYSIA,MYS,S6 - PETROLEUM PRODUCTS,1906
MALDIVES,MDV,S6 - PETROLEUM PRODUCTS,387
MALTA,MLT,S6 - PETROLEUM PRODUCTS,302
MARSHALL ISLAND,MHL,S6 - PETROLEUM PRODUCTS,0
MAURITIUS,MUS,S6 - PETROLEUM PRODUCTS,289
MOZAMBIQUE,MOZ,S6 - PETROLEUM PRODUCTS,1273
MYANMAR,MMR,S6 - PETROLEUM PRODUCTS,21
NAMIBIA,NAM,S6 - PETROLEUM PRODUCTS,53
NEPAL,NPL,S6 - PETROLEUM PRODUCTS,2035
NETHERLAND,NLD,S6 - PETROLEUM PRODUCTS,4347
NIGERIA,NGA,S6 - PETROLEUM PRODUCTS,1176
OMAN,OMN,S6 - PETROLEUM PRODUCTS,676
PAKISTAN IR,PAK,S6 - PETROLEUM PRODUCTS,6
PANAMA REPUBLIC,PAN,S6 - PETROLEUM PRODUCTS,109
QATAR,QAT,S6 - PETROLEUM PRODUCTS,148
SAUDI ARAB,SAU,S6 - PETROLEUM PRODUCTS,2323
SENEGAL,SEN,S6 - PETROLEUM PRODUCTS,59
SINGAPORE,SGP,S6 - PETROLEUM PRODUCTS,5615
SOUTH AFRICA,ZAF,S6 - PETROLEUM PRODUCTS,1260
SPAIN,ESP,S6 - PETROLEUM PRODUCTS,134
SRI LANKA DSR,LKA,S6 - PETROLEUM PRODUCTS,1005
TAIWAN,TWN,S6 - PETROLEUM PRODUCTS,572
TANZANIA REP,TZA,S6 - PETROLEUM PRODUCTS,524
TOGO,TGO,S6 - PETROLEUM PRODUCTS,1817
TURKEY,TUR,S6 - PETROLEUM PRODUCTS,1755
U ARAB EMTS,ARE,S6 - PETROLEUM PRODUCTS,4914
UNITED STATES OF AMERICA,USA,S6 - PETROLEUM PRODUCTS,4492
VENEZUELA,VEN,S6 - PETROLEUM PRODUCTS,142
